Date,Markowitz,Optimized
2020-09-11,,
2020-09-14,1.0331540503907897,1.0159019641102074
2020-09-15,1.0628963104697913,1.0295421013692467
2020-09-16,1.0403207137001473,0.9991137410635506
2020-09-17,1.016718382862045,0.9771176685654016
2020-09-18,1.014343451418657,0.9404677030756481
2020-09-21,1.0249189553167224,0.9490009256175899
2020-09-22,1.0414185727826617,0.972578793325357
2020-09-23,0.9856536808137943,0.9225507896927151
2020-09-24,0.9975240641458246,0.934892232594526
2020-09-25,1.0287947135372406,0.9648905522696556
2020-09-28,1.0511629549006891,0.988977674845475
2020-09-29,1.042267692019455,0.9877559787697158
2020-09-30,1.0548366127896707,0.9970664355052258
2020-10-01,1.0790269228762086,1.0132790357483799
2020-10-02,1.0353498285414935,0.9766929024473125
2020-10-05,1.059809956734258,1.008937624149417
2020-10-06,1.0313468655913964,0.9750197325074942
2020-10-07,1.0572801291965956,0.9894806506831204
2020-10-08,1.0581667286530927,1.0006262098097685
2020-10-09,1.084361016679488,1.024747528501841
2020-10-12,1.1223724715143832,1.0925307134770648
2020-10-13,1.1251331274414467,1.0752529640763324
2020-10-14,1.121376806531023,1.0739856713522384
2020-10-15,1.1088194235519742,1.0673626279635366
2020-10-16,1.0942336521249916,1.0638023854341436
2020-10-19,1.0701683192826257,1.0281719612950833
2020-10-20,1.0678535022549906,1.0469657329223274
2020-10-21,1.0642143190160716,1.0601314770438144
2020-10-22,1.0644263566803218,1.0634973618785881
2020-10-23,1.0663374768995262,1.071758375975344
2020-10-26,1.056731836074441,1.049022489084447
2020-10-27,1.0750506918361924,1.0649425923090348
2020-10-28,1.0281392210691007,0.9915879676762603
2020-10-29,1.0430324812942895,1.0366304934989046
2020-10-30,1.0003766175583244,1.0276658062642894
2020-11-02,1.0040269096687011,1.0308466860473298
2020-11-03,1.031117638846509,1.0506181027645332
2020-11-04,1.0722185605170573,1.12365388954961
2020-11-05,1.1062725927831984,1.156775513751233
2020-11-06,1.100649834307867,1.1546391118622121
2020-11-09,1.065058153926567,1.14070008728958
2020-11-10,1.0333608985110458,1.127557633392932
2020-11-11,1.0611978292037025,1.153822958846405
2020-11-12,1.0526716349461536,1.1500180012596295
2020-11-13,1.0546492243148609,1.1641837234069405
2020-11-16,1.0565159174877623,1.1714983743989924
2020-11-17,1.0729361117229659,1.1600107380604403
2020-11-18,1.0899376667092875,1.1416960761535104
2020-11-19,1.1008445692241586,1.1538544291750448
2020-11-20,1.0891715915062006,1.1353920064738363
2020-11-23,1.1032267563341198,1.1097065769986851
2020-11-24,1.1300643003500235,1.134576931033776
2020-11-25,1.148601175321919,1.1400953345793272
2020-11-27,1.1583564275786296,1.1541625534454045
2020-11-30,1.1460920104125947,1.1546898928864775
2020-12-01,1.1676474565522585,1.196659229884025
2020-12-02,1.156664571719988,1.2129794336897772
2020-12-03,1.164397675226352,1.2106140662841929
2020-12-04,1.1635677271168448,1.2071833723232943
2020-12-07,1.1838516007312567,1.213467505809786
2020-12-08,1.1935731763665953,1.214698554965359
2020-12-09,1.1542504107810312,1.1824665518615771
2020-12-10,1.163079515743364,1.1866782790038488
2020-12-11,1.1617424345142617,1.1849972259164427
2020-12-14,1.1819987634427918,1.1703667846674357
2020-12-15,1.1847157395800516,1.2120175617823918
2020-12-16,1.1993498152847533,1.209685099320973
2020-12-17,1.2148944038951017,1.2068748198419632
2020-12-18,1.2246009902889021,1.1875862729307558
2020-12-21,1.2145323171649334,1.201082399697004
2020-12-22,1.2153903208778616,1.2158385300655856
2020-12-23,1.2093026148585138,1.2144584455861793
2020-12-24,1.2184292557045915,1.2234140895540884
2020-12-28,1.2420124644663724,1.271395186039557
2020-12-29,1.2455096274933486,1.252300138678052
2020-12-30,1.248288415530243,1.2345472774516446
2020-12-31,1.249589222772736,1.2367856563916484
2021-01-04,1.2391336297945728,1.203910861618
2021-01-05,1.2473729326802097,1.2203449727223448
2021-01-06,1.230980247988465,1.1855134005993038
2021-01-07,1.2723195682074513,1.2366138132760474
2021-01-08,1.3025661647546336,1.2551104358806517
2021-01-11,1.2615882783142736,1.2157828314742274
2021-01-12,1.271921846439246,1.205386259081737
2021-01-13,1.2846359450804874,1.2227410667699052
2021-01-14,1.2677682896266056,1.2027732338395472
2021-01-15,1.2555180481527166,1.190587794499132
2021-01-19,1.272335524742889,1.222662321711401
2021-01-20,1.3136382600518997,1.295050284912991
2021-01-21,1.322924703922634,1.3273817475271574
2021-01-22,1.3249280915811228,1.345236846071441
2021-01-25,1.3476093790451362,1.369898484063078
2021-01-26,1.358643427713015,1.3784203423761832
2021-01-27,1.3381036153651007,1.3257815807895346
2021-01-28,1.335614452507261,1.3139658764742628
2021-01-29,1.2984618032959694,1.2694875111982424
2021-02-01,1.3520923914102803,1.3154494410074675
2021-02-02,1.3706659638450636,1.3336873334555492
2021-02-03,1.3595283401126688,1.396341681832418
2021-02-04,1.3614519018682547,1.416777381102372
2021-02-05,1.3654460219372035,1.431296378338309
2021-02-08,1.3660509098402769,1.4301918905430333
2021-02-09,1.359732702224802,1.4197177147821738
2021-02-10,1.3376798729566428,1.4209948470355336
2021-02-11,1.339555976432612,1.4203540250693985
2021-02-12,1.3446966776492457,1.4250119773634302
2021-02-16,1.331567448580035,1.417955795614718
2021-02-17,1.3381960270675617,1.4057704579851673
2021-02-18,1.3351016192053111,1.3919520989059482
2021-02-19,1.316459218894438,1.3850319171862844
2021-02-22,1.2649644857276965,1.3423244787697552
2021-02-23,1.2580414829799171,1.344103431343401
2021-02-24,1.2735120027402265,1.3516491601340228
2021-02-25,1.2208470125389042,1.2902170649355313
2021-02-26,1.2291298223113223,1.2947777638421745
2021-03-01,1.2684250629613516,1.3611304243957774
2021-03-02,1.2400192916224024,1.340532906361757
2021-03-03,1.1995602706855453,1.2950075215296766
2021-03-04,1.178729718969449,1.2922694501059342
2021-03-05,1.1804290892952605,1.3297503927735705
2021-03-08,1.1462530274057086,1.2538365753051732
2021-03-09,1.2297653801503934,1.3010362344722652
2021-03-10,1.2234155475801582,1.291521098173498
2021-03-11,1.2548803452168236,1.3342522828751724
2021-03-12,1.2457552050568557,1.3048529931432016
2021-03-15,1.251537284106001,1.3272540003372362
2021-03-16,1.246073201269142,1.3516297974186173
2021-03-17,1.2617058821338705,1.345288379394975
2021-03-18,1.210936824244362,1.28809225610476
2021-03-19,1.2174345534279498,1.2869614037706618
2021-03-22,1.2415756430439921,1.3119459942786942
2021-03-23,1.2439407347516702,1.311076670465845
2021-03-24,1.2168443713602664,1.2902997671690257
2021-03-25,1.2109484766767578,1.293699022684399
2021-03-26,1.2093521374667051,1.2944382218891721
2021-03-29,1.2073772551376698,1.3052705544117595
2021-03-30,1.2092592291966258,1.2953454895628917
2021-03-31,1.2378760381456748,1.3181206039009572
2021-04-01,1.256549220183634,1.354643107891651
2021-04-05,1.292818308487222,1.4155081923202006
2021-04-06,1.2908905412370457,1.4133206746107891
2021-04-07,1.2944521591989115,1.4389957304477292
2021-04-08,1.3107416058591033,1.461902281582825
2021-04-09,1.3244869168293079,1.4901941174505577
2021-04-12,1.3359355101695491,1.4654024299110904
2021-04-13,1.3732749465726777,1.4927242828736915
2021-04-14,1.3436404598432807,1.4697862959265175
2021-04-15,1.3618265852753142,1.5076196988419444
2021-04-16,1.3670150897418987,1.5040091946532714
2021-04-19,1.3490735114588281,1.512172506130885
2021-04-20,1.3434903743698763,1.4947144926652896
2021-04-21,1.3629017781159694,1.497203959755745
2021-04-22,1.3374498268352628,1.4739190102078696
2021-04-23,1.3549529019939417,1.5130326128906544
2021-04-26,1.3698348509309,1.5206043740046031
2021-04-27,1.3566151167405405,1.5093266440778397
2021-04-28,1.3447960268411523,1.5355012089593654
2021-04-29,1.3349682942355132,1.550423608253426
2021-04-30,1.3476162522378932,1.517288926976477
2021-05-03,1.3253997928934476,1.5204580486755792
2021-05-04,1.299058517379473,1.4693090295393894
2021-05-05,1.28995409091642,1.4747511434812695
2021-05-06,1.298413496621926,1.4970740014176003
2021-05-07,1.3055531426717164,1.508829958474251
2021-05-10,1.2594975629547969,1.4564176923912553
2021-05-11,1.256296368449581,1.4396915490629418
2021-05-12,1.2185565012476642,1.3851735188451408
2021-05-13,1.2191739987062677,1.4139584781928616
2021-05-14,1.2470913918257276,1.4542094946873847
2021-05-17,1.2414958826814908,1.4504084827719583
2021-05-18,1.2323015743364716,1.4280328475177944
2021-05-19,1.225721511056517,1.4309295646431468
2021-05-20,1.2475103069853029,1.4660660719693879
2021-05-21,1.2347417586921055,1.4464242106465333
2021-05-24,1.2639478282696859,1.4888191203037189
2021-05-25,1.2664137672214892,1.4881462132670662
2021-05-26,1.2741114632539887,1.4956068480220455
2021-05-27,1.2701742374894618,1.475879796885209
2021-05-28,1.2665268490109192,1.468239983291534
2021-06-01,1.2612890411978785,1.476567775910102
2021-06-02,1.2548178435361068,1.4778035524703599
2021-06-03,1.2284017681140638,1.4560969826257428
2021-06-04,1.254524409260368,1.4941385524367945
2021-06-07,1.2612644044678298,1.49810161083951
2021-06-08,1.2686001117267458,1.5027705056740719
2021-06-09,1.2705174829421102,1.509970757522932
2021-06-10,1.2909267897259529,1.5143957273995674
2021-06-11,1.2924601567896377,1.5217205222219858
2021-06-14,1.307298202305939,1.5539693858364754
2021-06-15,1.2947674545360786,1.5382904439656313
2021-06-16,1.3008887869546375,1.536309584200088
2021-06-17,1.3241072016243038,1.557487768387831
2021-06-18,1.3238003363905801,1.532549562146303
2021-06-21,1.3247187473948054,1.5618434347751646
2021-06-22,1.3393015392491427,1.579250611054544
2021-06-23,1.3553855983075014,1.575268309245487
2021-06-24,1.3613352358367103,1.5765169025715755
2021-06-25,1.3477564915700861,1.574329318883353
2021-06-28,1.3692909557432225,1.5871992352617805
2021-06-29,1.3717205891149817,1.596424701177808
2021-06-30,1.369750032649168,1.5994330134103596
2021-07-01,1.3692335127766817,1.6050625937878968
2021-07-02,1.3928299209345998,1.6514594770809483
2021-07-06,1.408568654834853,1.675759662042372
2021-07-07,1.4094873829666426,1.6976704837840753
2021-07-08,1.4134942903828531,1.674002171217678
2021-07-09,1.416290152241494,1.692493010048567
2021-07-12,1.429560218879724,1.7019626842684512
2021-07-13,1.4221941397705617,1.7140384602753076
2021-07-14,1.4202411351988862,1.749024548434874
2021-07-15,1.4088720172992697,1.732018519640498
2021-07-16,1.3954820182494592,1.7161034768451295
2021-07-19,1.3842213712039564,1.66353696806202
2021-07-20,1.4014030155382304,1.7066791736789215
2021-07-21,1.4032331939850677,1.7140058558128037
2021-07-22,1.4162432927862967,1.732912414316794
2021-07-23,1.4227180028385549,1.7903992719356414
2021-07-26,1.435684433738519,1.8035043115812637
2021-07-27,1.4129946864804759,1.7658442417648044
2021-07-28,1.4128439572330072,1.7921397640228527
2021-07-29,1.4254168704995687,1.7943777190206394
2021-07-30,1.3890633494989235,1.7861960019680356
2021-08-02,1.4001433786484456,1.7847474257481344
2021-08-03,1.410468385191862,1.8064846025957562
2021-08-04,1.4080180624774372,1.798480461816502
2021-08-05,1.417827228560482,1.810031105346765
2021-08-06,1.4051043896993474,1.7996572062885794
2021-08-09,1.4099066520280434,1.8103718123077277
2021-08-10,1.4015588180426484,1.8054926889124165
2021-08-11,1.3971717166434257,1.8025811390606798
2021-08-12,1.4124889851253444,1.835134668018128
2021-08-13,1.4135390818599511,1.8418783036884911
2021-08-16,1.403880977801976,1.86337012568113
2021-08-17,1.382078209489736,1.8402061262507579
2021-08-18,1.3819105541596255,1.7985820486825228
2021-08-19,1.3817986110214946,1.8034391008694814
2021-08-20,1.3994749951728134,1.8317281362082056
2021-08-23,1.4242885273957708,1.8685654044401248
2021-08-24,1.4285271581673493,1.8794600680114193
2021-08-25,1.4269387998378376,1.8771084768414923
2021-08-26,1.4196976682746418,1.864463739292864
2021-08-27,1.4318819934867957,1.8971258440183654
2021-08-30,1.4614950439550736,1.939500620946946
2021-08-31,1.4677911139342683,1.9300880600814105
2021-09-01,1.468704467787125,1.9405385355808327
2021-09-02,1.4652697244866921,1.9314209635003603
2021-09-03,1.468589331757573,1.9409915445636523
2021-09-07,1.4829289890745994,1.9654081698673906
2021-09-08,1.4847246989846778,1.9470204437272778
2021-09-09,1.473429670482321,1.937230735435634
2021-09-10,1.4561589828750814,1.87061157242094
2021-09-13,1.4599982603745094,1.8890595377377797
2021-09-14,1.4629194446790372,1.8795278968574016
2021-09-15,1.4807832521548259,1.9046343807219188
2021-09-16,1.4836794772211002,1.8949661244341702
2021-09-17,1.4704300017956038,1.8463066833127242
2021-09-20,1.4292176554597347,1.8016505850558446
2021-09-21,1.4328406789494026,1.808499627371467
2021-09-22,1.452100548049858,1.8395954605724076
2021-09-23,1.4607610613031026,1.8562148912907412
2021-09-24,1.4716158620765403,1.866308670978484
2021-09-27,1.4669069042399028,1.8430307894209736
2021-09-28,1.4270351972286062,1.7661563912918543
2021-09-29,1.4278789185366192,1.7597754756288957
2021-09-30,1.418416310816331,1.7429772901535496
2021-10-01,1.4305051701141562,1.7786917669631166
2021-10-04,1.406319371866796,1.7239384204986845
2021-10-05,1.421443873318603,1.7612762874585577
2021-10-06,1.4364906591336746,1.782615788514421
2021-10-07,1.4514569814243357,1.808305502901125
2021-10-08,1.4453934695344641,1.8103546800485453
2021-10-11,1.4404735992597089,1.801573938480318
2021-10-12,1.4434994039250726,1.7682942109701578
2021-10-13,1.45667109536162,1.7739794469439045
2021-10-14,1.474743851313592,1.829725433500856
2021-10-15,1.506193602393852,1.8405153326667665
2021-10-18,1.530096885594269,1.8674910415956505
2021-10-19,1.5305322628733649,1.8897631499926684
2021-10-20,1.5256111433888782,1.8800045571438566
2021-10-21,1.5462469187003578,1.8828819450284666
2021-10-22,1.5333804361550007,1.835634574616359
2021-10-25,1.5757255672612225,1.834102557477054
2021-10-26,1.5867159797739179,1.8571826115568533
2021-10-27,1.6177796206008825,1.9191514691187557
2021-10-28,1.6468074768333125,1.9463403462296063
2021-10-29,1.6570341727254314,1.9446797598639054
2021-11-01,1.676789016951003,1.895088568411057
2021-11-02,1.6707113980799388,1.9219360499439437
2021-11-03,1.7006830754458582,1.944954911309406
2021-11-04,1.7264729312649962,1.9564102785919228
2021-11-05,1.7312350887298265,1.9663899247277383
2021-11-08,1.7065931387139652,1.9611012368971872
2021-11-09,1.6715989303290157,1.9631279337706236
2021-11-10,1.6623708234044887,1.9106492395917707
2021-11-11,1.6616471205025363,1.909050025058811
2021-11-12,1.6682215274701806,1.953734597523519
2021-11-15,1.66295702009458,1.9516998878969207
2021-11-16,1.684701201334677,1.954609357877492
2021-11-17,1.7018036607165683,1.9768110267113221
2021-11-18,1.7373144013575066,2.0299123108093076
2021-11-19,1.7547767584619063,2.0431108683927337
2021-11-22,1.7392013356578306,2.0212457607580476
2021-11-23,1.7200790044872123,2.0192485408948686
2021-11-24,1.7235539565079463,2.0268232426218584
2021-11-26,1.6800041430577735,1.946852491569564
2021-11-29,1.7246129242969221,2.0067525670064423
2021-11-30,1.712268551193344,2.0114949920820413
2021-12-01,1.681973984396584,1.9988189999373163
2021-12-02,1.6752484879229268,2.0103449997803406
2021-12-03,1.6289900898050527,1.985612996386448
2021-12-06,1.641112334896573,2.024393157053619
2021-12-07,1.6930146727373092,2.1117376885756696
2021-12-08,1.702745283446697,2.1518501563772197
2021-12-09,1.6674808607432199,2.1420902495789917
2021-12-10,1.6847856692338306,2.184177997581374
2021-12-13,1.6476503603796093,2.1324348157076374
2021-12-14,1.6245082825957442,2.1014828735138513
2021-12-15,1.6599122477721846,2.166152066719064
2021-12-16,1.6039116074841124,2.0907590944893553
2021-12-17,1.607630067689179,2.053992013704785
2021-12-20,1.5768927231740826,2.042114165855632
2021-12-21,1.6185054526867282,2.086204484752948
2021-12-22,1.6610250577556147,2.1371398897834606
2021-12-23,1.686934822038663,2.1473360462161817
2021-12-27,1.7077389923409632,2.1891715771039992
2021-12-28,1.7066059671826672,2.168231765127935
2021-12-29,1.7016632836111287,2.16858899691733
2021-12-30,1.6886153733063778,2.154681750280401
2021-12-31,1.671261619199527,2.1356379871783893
2022-01-03,1.7396153306312179,2.171218479365521
2022-01-04,1.7002456591268775,2.1472906629350397
2022-01-05,1.6423788505525156,2.0405331726691958
2022-01-06,1.623609792265711,2.0184831137918344
2022-01-07,1.6076892310156887,2.012121188024661
2022-01-10,1.615959074994052,2.0295806192369628
2022-01-11,1.6355721241708747,2.06247675647663
2022-01-12,1.6562276472322859,2.083703522714664
2022-01-13,1.5900325156962625,2.0284906649580985
2022-01-14,1.6096591489156638,2.044442603352869
2022-01-18,1.5761433940826344,1.983353899216408
2022-01-19,1.5525097306479219,1.9475456038838095
2022-01-20,1.5320216504300292,1.9160711118981661
2022-01-21,1.4691797038424392,1.8701347758006954
2022-01-24,1.4710459128008326,1.8689558902161325
2022-01-25,1.4360401385751467,1.815927915315072
2022-01-26,1.4520860174585482,1.838724983410061
2022-01-27,1.4193270540967171,1.8329543512695814
2022-01-28,1.4628984710725852,1.9587046506873136
2022-01-31,1.52802405684895,2.0118536692020417
2022-02-01,1.5282522532252085,2.035429168422503
2022-02-02,1.5243626463383475,2.1538275398023017
2022-02-03,1.4544494301666908,2.079846275601477
2022-02-04,1.5452299513211014,2.0797313230318926
2022-02-07,1.5312773788548386,2.0317405391888803
2022-02-08,1.5574989485280382,2.0577707530305647
2022-02-09,1.572679086981023,2.091764835557966
2022-02-10,1.5366557993326335,2.028911871482236
2022-02-11,1.4841830330279473,1.9574187442196669
2022-02-14,1.497358206249177,1.9721293060484295
2022-02-15,1.532791531705504,2.0125332271689835
2022-02-16,1.5380592659103192,2.022618316861412
2022-02-17,1.490156043293446,1.9406771643797818
2022-02-18,1.469426403585674,1.9067677901930662
2022-02-22,1.444091287836315,1.8789225955528601
2022-02-23,1.3862944217998838,1.8248991933957146
2022-02-24,1.4493683462126228,1.8964115585538834
2022-02-25,1.4674897733416685,1.9301487941799982
2022-02-28,1.4955486349736107,1.9382863078014092
2022-03-01,1.4770092092705824,1.9136963321162845
2022-03-02,1.4973787070245415,1.9440584497729354
2022-03-03,1.4589784091678064,1.934670908548798
2022-03-04,1.4388325940460107,1.8913788985728914
2022-03-07,1.3756400827580382,1.8061774379075093
2022-03-08,1.3724647578491511,1.8001067664450379
2022-03-09,1.422103152334484,1.9041531198176245
2022-03-10,1.434073523798498,1.8610058044944333
2022-03-11,1.4003212780348822,1.8069305049478168
2022-03-14,1.366587511554142,1.7373693940598351
2022-03-15,1.4211126227567528,1.8022573344515367
2022-03-16,1.4721114720975956,1.8762881186688696
2022-03-17,1.5017276609590422,1.889634075272328
2022-03-18,1.5404860591494278,1.937914513005085
2022-03-21,1.5466972923623215,1.9482397691798596
2022-03-22,1.5984103491888941,2.0125879180056194
2022-03-23,1.5885379571449048,2.0068266869797693
2022-03-24,1.6056966912978903,2.0700260811596465
2022-03-25,1.6081963524531542,2.076017562307386
2022-03-28,1.6665895061212943,2.0804254033008385
2022-03-29,1.6811752356379805,2.116869981281898
2022-03-30,1.6647921682705553,2.1018687303247803
2022-03-31,1.6351075991843254,2.0476735757579685
2022-04-01,1.6413542787618012,2.0568016032109506
2022-04-04,1.693276364662988,2.1174656973251564
2022-04-05,1.6489120245844897,2.066693265776726
2022-04-06,1.5914580041860922,1.9999375485134356
2022-04-07,1.5955445369781591,1.9953514507287786
2022-04-08,1.5629498859104536,1.9529272504517952
2022-04-11,1.5097568913432404,1.8744378758957743
2022-04-12,1.5085769930859254,1.8767247904674398
2022-04-13,1.5502029204582468,1.9191647820671087
2022-04-14,1.5057063372239592,1.8490526847807458
2022-04-18,1.5176746394853926,1.8573323738955019
2022-04-19,1.555417751351819,1.8982858553240827
2022-04-20,1.524033617034607,1.876544189074122
2022-04-21,1.505409721433313,1.8370146974570998
2022-04-22,1.4746662929263068,1.7499925474520939
2022-04-25,1.4908724544157217,1.7934032686204873
2022-04-26,1.4004427140299118,1.7046517130054635
2022-04-27,1.4193755788447493,1.6584172330461944
2022-04-28,1.4570230563770996,1.750018254132247
2022-04-29,1.3566702080632296,1.6626088046774632
2022-05-02,1.3806472403691508,1.6904054817134722
2022-05-03,1.3788333952951688,1.7085636022940927
2022-05-04,1.4186149788755726,1.8044987603796767
2022-05-05,1.3255308119590763,1.6796741787804792
2022-05-06,1.3125104587022787,1.676939776561627
2022-05-09,1.2402817169542648,1.6079455205078208
2022-05-10,1.2544145264328843,1.64370142169937
2022-05-11,1.1966163323929833,1.581144413975652
2022-05-12,1.1904846945536882,1.546450990882674
2022-05-13,1.2430281845433993,1.609329240422824
2022-05-16,1.2161401771243046,1.5824749253250865
2022-05-17,1.259558045130629,1.6281794375092962
2022-05-18,1.1824976382941512,1.5238900274037472
2022-05-19,1.179474077473918,1.4851811836563926
2022-05-20,1.1617072293664146,1.472673083060668
2022-05-23,1.1817741836312645,1.5353000365561609
2022-05-24,1.1451503878307445,1.462247805252068
2022-05-25,1.1733734134516052,1.4616900614779713
2022-05-26,1.2183267828114215,1.5029400837540479
2022-05-27,1.270546733830469,1.5870661726342488
2022-05-31,1.2876056357906032,1.5962188190729918
2022-06-01,1.2867750828070565,1.5966300602776187
2022-06-02,1.3207937032150057,1.651083040423117
2022-06-03,1.268554674251458,1.5795619588818228
2022-06-06,1.2811840558843177,1.6072615841699054
2022-06-07,1.2828250043776577,1.6285445592398402
2022-06-08,1.276142758734575,1.6237386302217078
2022-06-09,1.242169778652492,1.5631320736764558
2022-06-10,1.1862603806286978,1.4888838936232665
2022-06-13,1.123000573690385,1.4069046193161485
2022-06-14,1.1280099467942928,1.415947456129601
2022-06-15,1.176715281180493,1.4629991263545803
2022-06-16,1.12295424430553,1.3904680043753883
2022-06-17,1.1425511193003584,1.4110963616391374
2022-06-21,1.1896767812976028,1.4819689335239665
2022-06-22,1.1883274126844796,1.4778107731206478
2022-06-23,1.2114864630702473,1.5053123598026243
2022-06-24,1.2558664581979968,1.583735323165585
2022-06-27,1.238055886523277,1.5632267094812926
2022-06-28,1.1847180747076387,1.4966447245966352
2022-06-29,1.1924882144375073,1.5061804822287406
2022-06-30,1.170018783761376,1.4624937590312013
2022-07-01,1.1923378515683756,1.4754375322579059
2022-07-05,1.2217145051791811,1.5370837118795535
2022-07-06,1.229193013885489,1.5591889207680514
2022-07-07,1.2588087853093213,1.623971909864978
2022-07-08,1.2627503204842405,1.6344260494224077
2022-07-11,1.2217376593843678,1.5830978099734385
2022-07-12,1.1947668197352588,1.5738406788908421
2022-07-13,1.20263721791819,1.545031152304455
2022-07-14,1.2091004378948476,1.55548770081513
2022-07-15,1.2278759384837081,1.58104173900302
2022-07-18,1.2235077785612258,1.5324717658528688
2022-07-19,1.2575855853914975,1.6065579666373595
2022-07-20,1.2831200140733983,1.6213313451595577
2022-07-21,1.3257787075399694,1.6414328640781406
2022-07-22,1.3098822546213704,1.5669795708163634
2022-07-25,1.2973117325282015,1.5555334198693538
2022-07-26,1.2497000999861894,1.5210605884534487
2022-07-27,1.3225261883844464,1.6373929877140334
2022-07-28,1.3471799069753208,1.6531131663499368
2022-07-29,1.4265266413859334,1.7094294698156831
2022-08-01,1.4232182648878189,1.687405164340955
2022-08-02,1.4160747872839912,1.680223155011468
2022-08-03,1.4610915528721293,1.751988032549624
2022-08-04,1.4757745599082406,1.7509979807762217
2022-08-05,1.4443034086731612,1.7418344681066875
2022-08-08,1.4372935868109087,1.7368056042743558
2022-08-09,1.4262838281175356,1.7300647647993812
2022-08-10,1.4717971753234271,1.791500793767875
2022-08-11,1.4508937300083977,1.7772469368334138
2022-08-12,1.4883633387759028,1.831869096282643
2022-08-15,1.5013145032437725,1.8435756433268977
2022-08-16,1.5028134004870346,1.8383952258346576
2022-08-17,1.4895149340953138,1.825542554298571
2022-08-18,1.4867966710682916,1.829623720003161
2022-08-19,1.4557688015441443,1.7798240164466068
2022-08-22,1.412435295459174,1.7214680774759226
2022-08-23,1.4192460620458063,1.7151526650409041
2022-08-24,1.4198061063886396,1.715291338515136
2022-08-25,1.4386834335768797,1.763500318095611
2022-08-26,1.382614307603337,1.6529817236746842
2022-08-29,1.3689711759794276,1.6286942882272333
2022-08-30,1.3513438598339238,1.6076735967021007
2022-08-31,1.3378732755043008,1.5891717576217717
2022-09-01,1.3424210529016078,1.6098721458135077
2022-09-02,1.3245704178680509,1.5760969058994596
2022-09-06,1.3187511587454837,1.5569840859871344
2022-09-07,1.3512081922883405,1.5936409512649203
2022-09-08,1.3585385604476732,1.5727367525200817
2022-09-09,1.3953269295173267,1.6151632321907041
2022-09-12,1.420570803517691,1.6570817282966626
2022-09-13,1.339026497532941,1.5252310640702595
2022-09-14,1.3585385319779824,1.54163349751189
2022-09-15,1.3372729316451581,1.501101703604123
2022-09-16,1.3240603918777445,1.489446287311488
2022-09-19,1.3366498212977584,1.5161020839432593
2022-09-20,1.3247488873640698,1.5110216465380957
2022-09-21,1.2940574596533714,1.4716348725808364
2022-09-22,1.279488024640977,1.4747345805844416
2022-09-23,1.2447583711559385,1.445778746699527
2022-09-26,1.2503434265036717,1.4419132746003507
2022-09-27,1.253856848722668,1.4409410859053926
2022-09-28,1.279956965171563,1.4561805490072015
2022-09-29,1.2354686220879887,1.3831837443082913
2022-09-30,1.214618035969078,1.3387150867020197
2022-10-03,1.216754030868618,1.3948655569230282
2022-10-04,1.2606216805174038,1.4479604088385303
2022-10-05,1.2503621849055226,1.447725387342939
2022-10-06,1.2400731395940683,1.4414959455964984
2022-10-07,1.1761120942407168,1.379902399542219
2022-10-10,1.1648619700600094,1.3737988136195047
2022-10-11,1.1441751543998084,1.3579894635732297
2022-10-12,1.1477935418856893,1.3577828446166056
2022-10-13,1.1689715266816638,1.4018277418136724
2022-10-14,1.1146527546543996,1.3477187357051323
2022-10-17,1.1758943529523926,1.4067446990302517
2022-10-18,1.188976861935528,1.423231348583531
2022-10-19,1.1834543968654556,1.412441496782218
2022-10-20,1.1644307879057751,1.4129319162819578
2022-10-21,1.200837620658318,1.449051346222065
2022-10-24,1.2079222516495915,1.4769608407967372
2022-10-25,1.23324787987651,1.5153476554780332
2022-10-26,1.1855583373106884,1.3975429584779375
2022-10-27,1.1583795180603664,1.3418843810006846
2022-10-28,1.1559407384378724,1.4488876654933962
2022-10-31,1.1435625329324086,1.4155186998128302
2022-11-01,1.1132859233020855,1.356490339066429
2022-11-02,1.0629582992748838,1.2867284078728363
2022-11-03,1.038999310088827,1.2145120364240223
2022-11-04,1.0479268438535398,1.2457122385351571
2022-11-07,1.043622365150394,1.2684201680567275
2022-11-08,1.0358040097404895,1.275994890962226
2022-11-09,0.993014088176161,1.232763063514285
2022-11-10,1.0874214311339878,1.369501650597282
2022-11-11,1.1190792867223074,1.41204647678494
2022-11-14,1.094079159148075,1.3960713637996354
2022-11-15,1.1022814219998085,1.4351693197232578
2022-11-16,1.084684600925089,1.4317943551240326
2022-11-17,1.0713421453554557,1.438594065793653
2022-11-18,1.0639314957125128,1.4323662236577983
2022-11-21,1.0389935669578563,1.3933370068740951
2022-11-22,1.0503202128431504,1.4214616782975256
2022-11-23,1.0777928372687344,1.4415748836793807
2022-11-25,1.0725499175863051,1.4130876878251464
2022-11-28,1.0647042976786723,1.3747971802565881
2022-11-29,1.0517365935294731,1.347443019474104
2022-11-30,1.112796750379385,1.4478362114970236
2022-12-01,1.1080023779498278,1.4495852509047589
2022-12-02,1.102644600660621,1.4408312272854222
2022-12-05,1.0652366066306356,1.4236582314398067
2022-12-06,1.0408308947447273,1.3750635784668128
2022-12-07,1.0315574748530436,1.3423224234807403
2022-12-08,1.043749183872766,1.3403217242609644
2022-12-09,1.0436256307336882,1.328401890935836
2022-12-12,1.0451171411425872,1.347210297219468
2022-12-13,1.049355399207204,1.376942232496512
2022-12-14,1.0382505986015016,1.3575249855560436
2022-12-15,1.0123707526829082,1.2740104778752759
2022-12-16,0.9916917152122452,1.2561443944025548
2022-12-19,0.9723874547774948,1.2253089006670366
2022-12-20,0.9564393690867433,1.2306272077037055
2022-12-21,0.967587971925865,1.2548671905215887
2022-12-22,0.9252560273872278,1.2176230263907928
2022-12-23,0.9276562898586592,1.2299962743899988
2022-12-27,0.8903809425961031,1.2009979930102184
2022-12-28,0.8876453090304162,1.1640257961398526
2022-12-29,0.9239285513109188,1.2085443110693324
2022-12-30,0.9244051514507884,1.208306089281756
2023-01-03,0.9014978982428579,1.1881306190469507
2023-01-04,0.89808844713645,1.1860679397936127
2023-01-05,0.8748614635659491,1.1599738283354604
2023-01-06,0.8971202151544445,1.1981818477529538
2023-01-09,0.9177906485121504,1.207966576884613
2023-01-10,0.9281887805455639,1.2153224118660695
2023-01-11,0.9663807777624318,1.262109811138218
2023-01-12,0.9712338162979904,1.2577901083071557
2023-01-13,0.981256448245183,1.275668933337472
2023-01-17,0.9933944937359317,1.2746045813469562
2023-01-18,0.9798502520518094,1.2685388730256093
2023-01-19,0.9651810730633482,1.2880637579144778
2023-01-20,1.0023528271996898,1.352956116980015
2023-01-23,1.0269691076068406,1.390693841743643
2023-01-24,1.0227230015096567,1.378855846354735
2023-01-25,1.0246282964346827,1.3497490543763555
2023-01-26,1.0706135980075704,1.3857701689416053
2023-01-27,1.1119919361549377,1.4166378056975861
2023-01-30,1.0789293034843679,1.3737561017461062
2023-01-31,1.1071408271454606,1.400880397702881
2023-02-01,1.135283391788167,1.4240267440297913
2023-02-02,1.1962050914554132,1.5316816572519225
2023-02-03,1.155612092868879,1.5255325364871308
2023-02-06,1.1538038063539169,1.4885354072341823
2023-02-07,1.1737096855429092,1.5557459231077855
2023-02-08,1.1687651898248321,1.4529389305402123
2023-02-09,1.1645186037396127,1.4010487368479767
2023-02-10,1.1472647725492893,1.3986181014982455
2023-02-13,1.1654973044294472,1.4158437959999581
2023-02-14,1.1879296959862964,1.4127699374551372
2023-02-15,1.1992612676626375,1.449373342532503
2023-02-16,1.1587849804576724,1.424464344962511
2023-02-17,1.156873920020767,1.405255816944763
2023-02-21,1.1208753374910978,1.3541066174654286
2023-02-22,1.1294137118224798,1.35513914115951
2023-02-23,1.1361551480748933,1.349971622057554
2023-02-24,1.1096833983407624,1.3157964748687059
2023-02-27,1.1273839356393949,1.3305214163807906
2023-02-28,1.1255523903490838,1.3295978443740477
2023-03-01,1.1069917423327262,1.3206566662032704
2023-03-02,1.0986130471270303,1.3412380203092464
2023-03-03,1.128940996625659,1.3884626555736859
2023-03-06,1.1224359570439761,1.420557225972892
2023-03-07,1.1080149233012673,1.3938745614903012
2023-03-08,1.1016188647488625,1.4054651015233677
2023-03-09,1.078155516376425,1.3715441263950463
2023-03-10,1.0662321629158258,1.3414739056053469
2023-03-13,1.0834188105089697,1.3579107597144986
2023-03-14,1.117455265278836,1.4005396416415394
2023-03-15,1.1255785205118152,1.4256370736012867
2023-03-16,1.163586399880563,1.4872098681049857
2023-03-17,1.1568074678763856,1.4957751706191165
2023-03-20,1.1482306395856239,1.5063691245612663
2023-03-21,1.1852407197152983,1.5571425830031165
2023-03-22,1.1649499512132484,1.5316771666296094
2023-03-23,1.1745552315423808,1.5620665233268785
2023-03-24,1.1741213021821664,1.568665752409915
2023-03-27,1.1690494786763974,1.5247222144048704
2023-03-28,1.1598507642036118,1.5056652464416729
2023-03-29,1.1886474585188105,1.5285288930509442
2023-03-30,1.2039315103087669,1.5328094296824237
2023-03-31,1.2346858378543393,1.5789068402264093
2023-04-03,1.2120591303615689,1.593514247165862
2023-04-04,1.2149996966678178,1.594128450621584
2023-04-05,1.187359026222796,1.5799149797931873
2023-04-06,1.20095311798247,1.6280740115986345
2023-04-10,1.1961413861620565,1.5902541503157004
2023-04-11,1.1807667870442413,1.5709245096530313
2023-04-12,1.1628515149091951,1.5590027342498327
2023-04-13,1.2022150422974056,1.6226198576672521
2023-04-14,1.1961693676443657,1.635943256829037
2023-04-17,1.2038751434935857,1.6049851004047493
2023-04-18,1.1979357779051727,1.59679764183214
2023-04-19,1.2013630348360742,1.6004183583800213
2023-04-20,1.1675811813897927,1.6066049432413363
2023-04-21,1.1826151385627557,1.5978750666626635
2023-04-24,1.1701579577360477,1.6058471160610714
2023-04-25,1.143108005747135,1.573249654144404
2023-04-26,1.167533415900818,1.5716767877039552
2023-04-27,1.2132903440342933,1.6421311392680515
2023-04-28,1.2071465872783298,1.6473168902596627
2023-05-01,1.186526839056503,1.6452241810694406
2023-05-02,1.1897281666588098,1.61813685770434
2023-05-03,1.1884795759890479,1.6124383685055361
2023-05-04,1.1913138032595842,1.5943714338403243
2023-05-05,1.2248227241785297,1.651725704748971
2023-05-08,1.2259561989997343,1.6758533979915995
2023-05-09,1.2216854549123488,1.6605208558455373
2023-05-10,1.2431787978547777,1.7201262025232493
2023-05-11,1.254850782117546,1.774253652087062
2023-05-12,1.2379117599475948,1.778318118037362
2023-05-15,1.2391920583509863,1.7642324326951324
2023-05-16,1.2512783217916614,1.79663815809624
2023-05-17,1.2770157173540704,1.815037152626819
2023-05-18,1.3001976902369692,1.8522052546372734
2023-05-19,1.2981993214305168,1.8521944884039507
2023-05-22,1.3114306112931178,1.8703557827752757
2023-05-23,1.296881187736146,1.8256828240774388
2023-05-24,1.2975571528452068,1.809948457128367
2023-05-25,1.309871819937735,1.8452366798213418
2023-05-26,1.3561366063481595,1.8739110074608585
2023-05-30,1.3748495577026665,1.8765882924472306
2023-05-31,1.3711975727370582,1.8675902105646107
2023-06-01,1.393313818498394,1.8959222319232818
2023-06-02,1.4140719712048588,1.9120913337084537
2023-06-05,1.4240444064059599,1.917504650591267
2023-06-06,1.431927574753349,1.9290928502102112
2023-06-07,1.3999666687159966,1.8675412606816004
2023-06-08,1.4322534118210049,1.8820773364698542
2023-06-09,1.445187249638508,1.8856628908755295
2023-06-12,1.475112997779921,1.9200187442442986
2023-06-13,1.4912338363993487,1.918920407967547
2023-06-14,1.4923283826572598,1.9214312160345006
2023-06-15,1.5105959417847772,1.9509143635546433
2023-06-16,1.5014883542217055,1.926255633096409
2023-06-20,1.5160019781711065,1.922071571340143
2023-06-21,1.484887533016598,1.8867013752633393
2023-06-22,1.5255162236664808,1.9356476617299077
2023-06-23,1.504020069584866,1.9244492593432874
2023-06-26,1.4636399339626114,1.8702795569672954
2023-06-27,1.4949082956839577,1.8881592890924506
2023-06-28,1.5055355738923675,1.9168487160065568
2023-06-29,1.501568584194517,1.90676027989369
2023-06-30,1.5285811943438457,1.9417528325839382
2023-07-03,1.5486534697622294,1.9344112998139096
2023-07-05,1.5523905424916429,1.948447062681421
2023-07-06,1.5407708945749514,1.9328464472562321
2023-07-07,1.537538651411573,1.9183416075864876
2023-07-10,1.5105364948301483,1.8703342833746457
2023-07-11,1.5184610929163345,1.8748834828959204
2023-07-12,1.5380284281123153,1.9060829532814447
2023-07-13,1.5693785413916796,1.9751614851376302
2023-07-14,1.57957725902153,1.9861105774390655
2023-07-17,1.589809770650624,1.9993674657465814
2023-07-18,1.6106617697578687,1.9874723883278347
2023-07-19,1.613571400297816,1.9766337781960313
2023-07-20,1.5394163232680909,1.9311822546039374
2023-07-21,1.5303911678636184,1.9330577229800547
2023-07-24,1.5404615871967595,1.9556163060317666
2023-07-25,1.5456410024242282,1.9690605039235
2023-07-26,1.5220165475577059,2.0559185919608294
2023-07-27,1.4995543047135522,2.0487504895930777
2023-07-28,1.5440727533213798,2.1023458431076447
2023-07-31,1.5484525057041851,2.1081821559204434
2023-08-01,1.5313967462016282,2.0891655747854614
2023-08-02,1.4922287322253036,2.0325801637837544
2023-08-03,1.5004218392639863,2.0238646862166028
2023-08-04,1.5336607632055586,1.9579688202659697
2023-08-07,1.5421043498338582,1.9736760782228315
2023-08-08,1.5251665693396352,1.9789799247321067
2023-08-09,1.4991420214885947,1.948966089718078
2023-08-10,1.507503925001129,1.9477509326374918
2023-08-11,1.5001200442440068,1.9467780408991204
2023-08-14,1.5099388036535133,1.9774320927676072
2023-08-15,1.4838347211604248,1.94663502192099
2023-08-16,1.4607392408703177,1.9289114297390562
2023-08-17,1.4397645345942407,1.924019545186318
2023-08-18,1.4306775248122043,1.9014931749872226
2023-08-21,1.4701650028566664,1.920575522402546
2023-08-22,1.473141804544156,1.9378506364267238
2023-08-23,1.4929209955871985,2.000253966910919
2023-08-24,1.4546157248067166,1.9388949015077823
2023-08-25,1.4790664473960486,1.9556205213256777
2023-08-28,1.4810117306529804,1.9788080832637538
2023-08-29,1.524862769158367,2.0447346733416096
2023-08-30,1.5279807764606819,2.0839754777700814
2023-08-31,1.540286031081199,2.0887105042142453
2023-09-01,1.5244090218467141,2.0944224164591283
2023-09-05,1.5455618310291626,2.0973281565072543
2023-09-06,1.5258488260111498,2.0349379268537597
2023-09-07,1.5274960602039669,2.005554592715566
2023-09-08,1.531550852568459,2.021874407582543
2023-09-11,1.594285364264123,2.03614118266925
2023-09-12,1.566772830685449,1.9971896228892942
2023-09-13,1.5916776322439403,1.9964889516157072
2023-09-14,1.6029329527924736,2.0221694597397253
2023-09-15,1.569927168328766,2.0094895950413187
2023-09-18,1.5560947222195747,2.039650315258171
2023-09-19,1.5485068236035084,2.0459121729791683
2023-09-20,1.5192196393283022,1.9743219679875876
2023-09-21,1.4825411337939236,1.928357097556958
2023-09-22,1.4634619876216657,1.9324438807039623
2023-09-25,1.4769214296646447,1.9506572765740011
2023-09-26,1.4405416673547657,1.8945419156838104
2023-09-27,1.435374659214476,1.9044810420035203
2023-09-28,1.4452094949549352,1.9247570946550732
2023-09-29,1.458795260417597,1.9134568756117194
2023-10-02,1.4810821376765755,1.9661162604770093
2023-10-03,1.4410295529458552,1.9381666770144463
2023-10-04,1.4800815365831987,1.9765529528557746
2023-10-05,1.4756263875087918,1.9838679096231921
2023-10-06,1.4981503965985874,2.028859925440412
2023-10-09,1.5029836601883737,2.048648960874035
2023-10-10,1.5111457434347382,2.040462315983899
2023-10-11,1.5270691326772843,2.077017413598169
2023-10-12,1.5221792664258822,2.0670770503196234
2023-10-13,1.4944161906201163,2.036402253109151
2023-10-16,1.516980261549573,2.0538594383478106
2023-10-17,1.511952031227815,2.048863665944387
2023-10-18,1.477042571595499,2.0207732297231593
2023-10-19,1.4467193545853456,2.015789458904662
2023-10-20,1.4125993605271017,1.9744106332288198
2023-10-23,1.422159183302419,1.9846346877184562
2023-10-24,1.4393747322699075,2.0118181777973203
2023-10-25,1.4164608476073746,1.8580074367662371
2023-10-26,1.3783773227526963,1.7936662352224917
2023-10-27,1.4183258333568198,1.8016510021109908
2023-10-30,1.4336643914089997,1.8399052346003455
2023-10-31,1.44261470382121,1.8392112039017507
2023-11-01,1.479232665408227,1.8862880381056017
2023-11-02,1.5110505450693215,1.922289208140941
2023-11-03,1.5211617198681493,1.9332439962403478
2023-11-06,1.5314368755295449,1.963564970265205
2023-11-07,1.555312551207147,1.9894351573042222
2023-11-08,1.557124355351477,2.0063402341562404
2023-11-09,1.527109013981296,1.9856069887067094
2023-11-10,1.561834422725127,2.040617312397869
2023-11-13,1.5687243130053952,2.0239383538223605
2023-11-14,1.6111956969846108,2.05913271303934
2023-11-15,1.6102442706806597,2.0741238034279688
2023-11-16,1.6042532043870434,2.1114917601725165
2023-11-17,1.606308766954204,2.0935310419340403
2023-11-20,1.6239761173610452,2.1163145159839614
2023-11-21,1.6177119439368726,2.1185709697592765
2023-11-22,1.6249738354830756,2.1400993432981394
2023-11-24,1.62568316959043,2.1106824406342914
2023-11-27,1.632195857880705,2.106321489255311
2023-11-28,1.653098553032993,2.1193468254820105
2023-11-29,1.6400392109066315,2.087671269217045
2023-11-30,1.6330473960500729,2.0646170970756925
2023-12-01,1.6296007583724774,2.066128865915548
2023-12-04,1.6068165172024944,2.0246871630750936
2023-12-05,1.6275006157422423,2.071146978381436
2023-12-06,1.6131808046873453,2.052681078313018
2023-12-07,1.6322796799776984,2.1437950154222767
2023-12-08,1.641958073118319,2.1322802150254683
2023-12-11,1.6233959092915016,2.0955161838784644
2023-12-12,1.6306813872080634,2.097484066864322
2023-12-13,1.6419996161636563,2.1204132035210703
2023-12-14,1.6439222987184383,2.114250472294523
2023-12-15,1.6645987281308339,2.1181151638444664
2023-12-18,1.6804544393968335,2.143074581387714
2023-12-19,1.6891546677343068,2.159980818488473
2023-12-20,1.6614088950001946,2.164252480329859
2023-12-21,1.684150578460798,2.1864009140668244
2023-12-22,1.6801482741482971,2.1905372296283088
2023-12-26,1.68634001268371,2.1868933928798455
2023-12-27,1.6928889870321164,2.174940258927099
2023-12-28,1.6822771400345546,2.17648615933758
2023-12-29,1.6694590228778938,2.1629654058871934
