Portfolio,Weights,Volatility,Sharpe Ratio,AAPL,MSFT,GOOGL,AMZN,TSLA
Portfolio 1,"[0.9219558572454163, 1.545012228355948e-07, 3.1324698320164823e-06, 3.434129714376455e-07, 4.1718315148335446e-07]",0.1443836601151936,0.07102264416622862,0.9219558572454163,1.545012228355948e-07,3.1324698320164823e-06,3.434129714376455e-07,4.1718315148335446e-07
Portfolio 2,"[0.638785954963763, 3.901624490864463e-05, 0.7133274946067898, 2.144150714530883e-06, 4.440145151109248e-07]",0.14481917936741945,0.07140598135052464,0.638785954963763,3.901624490864463e-05,0.7133274946067898,2.144150714530883e-06,4.440145151109248e-07
Portfolio 3,"[0.9294641909853009, 1.5883958503537385e-05, 0.8423935776934592, 0.00010923891081744783, 3.6997341038876393e-07]",0.14481196313810293,0.07140221935368146,0.9294641909853009,1.5883958503537385e-05,0.8423935776934592,0.00010923891081744783,3.6997341038876393e-07
Portfolio 4,"[0.5702465782116505, 0.00010029786458658125, 0.0900699191877481, 2.875626784093335e-06, 1.9030622930034376e-06]",0.1445733795658065,0.07119542543891558,0.5702465782116505,0.00010029786458658125,0.0900699191877481,2.875626784093335e-06,1.9030622930034376e-06
Portfolio 5,"[0.9376473764298705, 0.00012006096644857082, 0.2699965286450436, 6.174122959618457e-05, 4.777395562550904e-09]",0.14466640389956628,0.07127882735674493,0.9376473764298705,0.00012006096644857082,0.2699965286450436,6.174122959618457e-05,4.777395562550904e-09
Portfolio 6,"[0.8765993127561368, 4.74800961862417e-06, 0.46959071335235114, 4.803995481331022e-06, 6.872001853437843e-07]",0.14476159705349242,0.07136201782710092,0.8765993127561368,4.74800961862417e-06,0.46959071335235114,4.803995481331022e-06,6.872001853437843e-07
Portfolio 7,"[0.8631742952594533, 3.9027896324593395e-05, 0.25886396287935715, 3.196916228180306e-05, 9.487857841018461e-06]",0.14467295922973417,0.07128471507666438,0.8631742952594533,3.9027896324593395e-05,0.25886396287935715,3.196916228180306e-05,9.487857841018461e-06
Portfolio 8,"[0.9381301734638929, 0.00011647396631903917, 0.25159888940975667, 6.0777161088261245e-05, 1.6060846659090998e-07]",0.14465479796304836,0.07126850351960762,0.9381301734638929,0.00011647396631903917,0.25159888940975667,6.0777161088261245e-05,1.6060846659090998e-07
Portfolio 9,"[0.6617803900702337, 9.187277005590075e-06, 0.10056373153028533, 6.07678610460544e-06, 5.156777098231591e-07]",0.14456780132936564,0.07119050572062022,0.6617803900702337,9.187277005590075e-06,0.10056373153028533,6.07678610460544e-06,5.156777098231591e-07
Portfolio 10,"[0.8806381423155938, 1.103601335902369e-05, 0.2433202476885265, 1.2306322918611807e-05, 4.320674282848048e-05]",0.14465954573179168,0.07127280932747532,0.8806381423155938,1.103601335902369e-05,0.2433202476885265,1.2306322918611807e-05,4.320674282848048e-05
Portfolio 11,"[0.9008814063340214, 4.278423026889568e-05, 0.3302967933301288, 1.2022311849515674e-05, 1.095749066068849e-06]",0.14470551194312545,0.07131347042337419,0.9008814063340214,4.278423026889568e-05,0.3302967933301288,1.2022311849515674e-05,1.095749066068849e-06
Portfolio 12,"[0.9298174852351982, 2.6005175519593874e-06, 0.7551195232597385, 3.0237383185605386e-05, 4.387020001507303e-06]",0.14480500186859377,0.07139729255636215,0.9298174852351982,2.6005175519593874e-06,0.7551195232597385,3.0237383185605386e-05,4.387020001507303e-06
Portfolio 13,"[0.8843968990375483, 1.2978956940737856e-07, 0.09057243925763392, 7.501961772851459e-05, 8.812641802776063e-06]",0.1445186383292832,0.07114588874665528,0.8843968990375483,1.2978956940737856e-07,0.09057243925763392,7.501961772851459e-05,8.812641802776063e-06
Portfolio 14,"[0.5862829318313221, 2.1893472192109898e-05, 0.1492809841170164, 7.11017934034362e-05, 1.5941380832408742e-05]",0.1446463521019069,0.07126096807953924,0.5862829318313221,2.1893472192109898e-05,0.1492809841170164,7.11017934034362e-05,1.5941380832408742e-05
Portfolio 15,"[0.9965698479419148, 1.2288847734277566e-06, 0.37912129164784586, 2.6191275210249606e-06, 2.4244694621926214e-07]",0.14471133086812268,0.07131860866741502,0.9965698479419148,1.2288847734277566e-06,0.37912129164784586,2.6191275210249606e-06,2.4244694621926214e-07
Portfolio 16,"[0.9562600605611994, 1.5954730363295848e-07, 0.0026796145454215936, 1.4632746191663524e-05, 2.261006546936467e-06]",0.1443880992863643,0.07102670280748338,0.9562600605611994,1.5954730363295848e-07,0.0026796145454215936,1.4632746191663524e-05,2.261006546936467e-06
Portfolio 17,"[0.8116938873670965, 3.7612515970718326e-06, 0.3384074976803108, 0.00013074246834653545, 5.899281929921709e-07]",0.14472571091529415,0.07133105444344348,0.8116938873670965,3.7612515970718326e-06,0.3384074976803108,0.00013074246834653545,5.899281929921709e-07
Portfolio 18,"[0.8433409315735447, 4.9712255509782184e-05, 0.014201990134912648, 2.7976056985365785e-05, 4.034660412361558e-05]",0.14440973214695088,0.07104643515897804,0.8433409315735447,4.9712255509782184e-05,0.014201990134912648,2.7976056985365785e-05,4.034660412361558e-05
Portfolio 19,"[0.9093637076920693, 1.2978956940737856e-07, 0.28715860453869657, 7.501961772851459e-05, 2.375945000552613e-07]",0.14468137568310085,0.07129217548945313,0.9093637076920693,1.2978956940737856e-07,0.28715860453869657,7.501961772851459e-05,2.375945000552613e-07
Portfolio 20,"[0.9723914827700058, 2.724796270234161e-06, 0.194689794373513, 2.5511051176998525e-05, 1.2085529886422033e-06]",0.14460814929201107,0.0712268643555826,0.9723914827700058,2.724796270234161e-06,0.194689794373513,2.5511051176998525e-05,1.2085529886422033e-06
Portfolio 21,"[0.5787772376732553, 3.886593495007946e-06, 0.14423327343717313, 1.4329698823120088e-05, 3.9057100020037407e-07]",0.14464273511838682,0.07125785220665952,0.5787772376732553,3.886593495007946e-06,0.14423327343717313,1.4329698823120088e-05,3.9057100020037407e-07
Portfolio 22,"[0.553484810324409, 2.4146055523936683e-06, 0.284660957809461, 4.880374757400531e-06, 3.4649725488980224e-06]",0.14475614082532853,0.07135737691389439,0.553484810324409,2.4146055523936683e-06,0.284660957809461,4.880374757400531e-06,3.4649725488980224e-06
Portfolio 23,"[0.9778559975306469, 0.00018306917072676108, 0.6940809441305661, 1.947268332401939e-06, 3.4139987025020393e-07]",0.1447938312176277,0.07138858180960596,0.9778559975306469,0.00018306917072676108,0.6940809441305661,1.947268332401939e-06,3.4139987025020393e-07
Portfolio 24,"[0.6079294037956402, 1.960033193155588e-05, 0.28983342413024327, 8.132830687574089e-06, 3.2648051641455806e-07]",0.1447455602179259,0.07134830634279762,0.6079294037956402,1.960033193155588e-05,0.28983342413024327,8.132830687574089e-06,3.2648051641455806e-07
Portfolio 25,"[0.9049612248370698, 1.4334230806641005e-05, 0.022943776873813493, 6.468076928194407e-05, 6.7495245796639136e-06]",0.1444221125727277,0.07105781555401505,0.9049612248370698,1.4334230806641005e-05,0.022943776873813493,6.468076928194407e-05,6.7495245796639136e-06
Portfolio 26,"[0.8078806088309958, 2.3003689434783463e-08, 0.1422553702526197, 5.790116085115336e-07, 5.2430182007032554e-06]",0.1445888033200165,0.07120947244314262,0.8078806088309958,2.3003689434783463e-08,0.1422553702526197,5.790116085115336e-07,5.2430182007032554e-06
Portfolio 27,"[0.9823477494134633, 9.976681800696722e-07, 0.20678367938283615, 6.302124942660915e-05, 2.496905986856298e-05]",0.14461595820227072,0.07123383054446703,0.9823477494134633,9.976681800696722e-07,0.20678367938283615,6.302124942660915e-05,2.496905986856298e-05
Portfolio 28,"[0.601449624636304, 3.753810368119041e-06, 0.2433699451492859, 1.3997465677891859e-05, 1.6627279273654447e-07]",0.14472101329784373,0.07132705313019849,0.601449624636304,3.753810368119041e-06,0.2433699451492859,1.3997465677891859e-05,1.6627279273654447e-07
Portfolio 29,"[0.6397998651791542, 8.261913030486198e-09, 0.1246218331983251, 3.183419976813867e-05, 1.314754500772164e-07]",0.14460395712366372,0.07122307978034728,0.6397998651791542,8.261913030486198e-09,0.1246218331983251,3.183419976813867e-05,1.314754500772164e-07
Portfolio 30,"[0.44830014604339175, 1.156712579357835e-05, 0.341630432455245, 2.6504468004949108e-06, 9.830087862994135e-08]",0.1448000479870716,0.07139353236874846,0.44830014604339175,1.156712579357835e-05,0.341630432455245,2.6504468004949108e-06,9.830087862994135e-08
Portfolio 31,"[0.9354296031856416, 0.00011809857760350712, 0.13309420663516436, 2.698156545690335e-05, 1.3458641858475345e-07]",0.14455901210361458,0.07118245725984858,0.9354296031856416,0.00011809857760350712,0.13309420663516436,2.698156545690335e-05,1.3458641858475345e-07
Portfolio 32,"[0.801169551418885, 2.7684308169784296e-07, 0.20743222503158754, 2.8932920934005243e-05, 7.358937791072573e-06]",0.14464893486933705,0.07126337546792816,0.801169551418885,2.7684308169784296e-07,0.20743222503158754,2.8932920934005243e-05,7.358937791072573e-06
Portfolio 33,"[0.7371690066984029, 3.195577685050843e-05, 0.06472104116148768, 8.237784152452074e-06, 4.1593973601217475e-06]",0.1445023248457039,0.0711310883122877,0.7371690066984029,3.195577685050843e-05,0.06472104116148768,8.237784152452074e-06,4.1593973601217475e-06
Portfolio 34,"[0.8631742952594533, 3.8704974781396485e-05, 0.3904900910531484, 3.2528315154061604e-05, 9.487857841018461e-06]",0.1447379589094559,0.07134172653759267,0.8631742952594533,3.8704974781396485e-05,0.3904900910531484,3.2528315154061604e-05,9.487857841018461e-06
Portfolio 35,"[0.6242814153646723, 6.738831157725778e-07, 0.20678367938283615, 6.302124942660915e-05, 2.5134802089365785e-05]",0.14468920148159642,0.07129905180554814,0.6242814153646723,6.738831157725778e-07,0.20678367938283615,6.302124942660915e-05,2.5134802089365785e-05
Portfolio 36,"[0.6380397563548246, 1.1187885933914544e-07, 0.11068763466847718, 6.095766484913535e-06, 7.679327042892718e-07]",0.1445866229704713,0.07120750398646769,0.6380397563548246,1.1187885933914544e-07,0.11068763466847718,6.095766484913535e-06,7.679327042892718e-07
Portfolio 37,"[0.8936776909052002, 2.1187790614694253e-05, 0.024894414682431712, 1.1453339827996635e-05, 7.173653364321317e-06]",0.14442562763393357,0.07106108248634835,0.8936776909052002,2.1187790614694253e-05,0.024894414682431712,1.1453339827996635e-05,7.173653364321317e-06
Portfolio 38,"[0.7900495278368345, 1.299466270749982e-05, 0.025628178451305807, 4.102400871345908e-05, 0.00019567985139696002]",0.144432503206376,0.07106713118318742,0.7900495278368345,1.299466270749982e-05,0.025628178451305807,4.102400871345908e-05,0.00019567985139696002
Portfolio 39,"[0.8204241519803258, 2.842419381346715e-08, 0.10270050830595001, 1.0849666413822323e-06, 8.060628783033691e-07]",0.14454224235712568,0.07116739004819278,0.8204241519803258,2.842419381346715e-08,0.10270050830595001,1.0849666413822323e-06,8.060628783033691e-07
Portfolio 40,"[0.9562600605611994, 1.5954730363295848e-07, 0.004832311859157834, 1.4632746191663524e-05, 2.261006546936467e-06]",0.14439161458247754,0.07102992885556977,0.9562600605611994,1.5954730363295848e-07,0.004832311859157834,1.4632746191663524e-05,2.261006546936467e-06
Portfolio 41,"[0.8856051378913609, 0.00012535581157098195, 0.21089387361508632, 2.105959088747643e-05, 4.356668834138807e-06]",0.14463556426994276,0.07125134736350058,0.8856051378913609,0.00012535581157098195,0.21089387361508632,2.105959088747643e-05,4.356668834138807e-06
Portfolio 42,"[0.9261319090632517, 7.431736874319796e-05, 0.06371856322993115, 2.6669255177949217e-06, 3.555141939937188e-05]",0.1444799180574287,0.07111062648878283,0.9261319090632517,7.431736874319796e-05,0.06371856322993115,2.6669255177949217e-06,3.555141939937188e-05
Portfolio 43,"[0.9419165109590872, 6.3136588439992466e-06, 0.7444330736372147, 2.875626784093335e-06, 3.487407970170815e-07]",0.14480295539518345,0.0713957679413319,0.9419165109590872,6.3136588439992466e-06,0.7444330736372147,2.875626784093335e-06,3.487407970170815e-07
Portfolio 44,"[0.9129733565468009, 2.724796270234161e-06, 0.194689794373513, 6.154496374279318e-06, 1.2085529886422033e-06]",0.14461790927326001,0.07123564346017842,0.9129733565468009,2.724796270234161e-06,0.194689794373513,6.154496374279318e-06,1.2085529886422033e-06
Portfolio 45,"[0.8433409315735447, 4.9712255509782184e-05, 0.06539474750374957, 9.33396149372107e-06, 4.034660412361558e-05]",0.1444904534547393,0.07112023069946627,0.8433409315735447,4.9712255509782184e-05,0.06539474750374957,9.33396149372107e-06,4.034660412361558e-05
Portfolio 46,"[0.9213565741112425, 1.853563804916017e-07, 0.29818490837041495, 6.129858185206e-05, 3.037452377977854e-07]",0.14468536976264484,0.07129571915352832,0.9213565741112425,1.853563804916017e-07,0.29818490837041495,6.129858185206e-05,3.037452377977854e-07
Portfolio 47,"[0.8631742952594533, 4.596021925647784e-07, 0.42521061245948083, 3.2528315154061604e-05, 1.9659235313426875e-07]",0.14475019279787069,0.07135228367247297,0.8631742952594533,4.596021925647784e-07,0.42521061245948083,3.2528315154061604e-05,1.9659235313426875e-07
Portfolio 48,"[0.9152537548762384, 6.948335268427177e-07, 0.09704055456928568, 4.0907789734938394e-05, 7.521425040518257e-07]",0.14452247493696455,0.07114941636511554,0.9152537548762384,6.948335268427177e-07,0.09704055456928568,4.0907789734938394e-05,7.521425040518257e-07
Portfolio 49,"[0.9683069677868933, 0.00014958469528322425, 0.3127241524298953, 6.232207573235239e-05, 3.453502779778333e-05]",0.1446851914401099,0.07129544006669963,0.9683069677868933,0.00014958469528322425,0.3127241524298953,6.232207573235239e-05,3.453502779778333e-05
Portfolio 50,"[0.9500025513239445, 1.438106164845048e-06, 0.2090558676534337, 2.326654818264151e-05, 0.00013304084176383736]",0.14462299204506796,0.07124008531939963,0.9500025513239445,1.438106164845048e-06,0.2090558676534337,2.326654818264151e-05,0.00013304084176383736
Portfolio 51,"[0.9192784683422365, 1.217941538881654e-07, 0.6822561490716814, 1.127841825838621e-06, 3.140462695408148e-05]",0.14479779305258655,0.07139177619858357,0.9192784683422365,1.217941538881654e-07,0.6822561490716814,1.127841825838621e-06,3.140462695408148e-05
Portfolio 52,"[0.9259281681071876, 5.7412201087305836e-06, 0.14933326022982896, 5.797401096921012e-06, 1.8437831372526404e-05]",0.14457614249005268,0.07119803281646653,0.9259281681071876,5.7412201087305836e-06,0.14933326022982896,5.797401096921012e-06,1.8437831372526404e-05
Portfolio 53,"[0.6438264211786999, 3.167978056059406e-06, 0.35188298357489844, 1.525979797046602e-05, 1.9744589808049127e-06]",0.14476423051854725,0.07136423432777082,0.6438264211786999,3.167978056059406e-06,0.35188298357489844,1.525979797046602e-05,1.9744589808049127e-06
Portfolio 54,"[0.8682611833303129, 1.264061446817073e-05, 0.026535723879620964, 3.923154831673295e-05, 1.7799743424236116e-08]",0.14442948856464316,0.07106460145748547,0.8682611833303129,1.264061446817073e-05,0.026535723879620964,3.923154831673295e-05,1.7799743424236116e-08
Portfolio 55,"[0.7711624564061657, 5.3631449574144604e-05, 0.014384317385385814, 1.5280130459207377e-06, 4.034660412361558e-05]",0.14441239520873378,0.07104889249217695,0.7711624564061657,5.3631449574144604e-05,0.014384317385385814,1.5280130459207377e-06,4.034660412361558e-05
Portfolio 56,"[0.8907461718270449, 7.827178425576216e-05, 0.049898429033183755, 1.8321893326114677e-05, 0.00016482589507036291]",0.1444641162171545,0.07109605772942101,0.8907461718270449,7.827178425576216e-05,0.049898429033183755,1.8321893326114677e-05,0.00016482589507036291
Portfolio 57,"[0.9809238549519331, 0.00020848398551250288, 0.014488482792817867, 6.192470061733562e-05, 1.2975630286483938e-08]",0.14440687156068635,0.071043695167729,0.9809238549519331,0.00020848398551250288,0.014488482792817867,6.192470061733562e-05,1.2975630286483938e-08
Portfolio 58,"[0.588535225086363, 1.4712114601699242e-07, 0.036427309006366704, 1.5003042255913206e-05, 3.103645827864132e-07]",0.14447120744595332,0.0711027588980569,0.588535225086363,1.4712114601699242e-07,0.036427309006366704,1.5003042255913206e-05,3.103645827864132e-07
Portfolio 59,"[0.9128286979301832, 1.5337046487405213e-07, 0.00896528555037121, 5.2938830014129395e-05, 4.999161880669444e-06]",0.14439903191641382,0.07103668962391872,0.9128286979301832,1.5337046487405213e-07,0.00896528555037121,5.2938830014129395e-05,4.999161880669444e-06
Portfolio 60,"[0.8166586591488586, 3.6923990935857288e-06, 0.3754027240974297, 2.6614623812698627e-06, 4.30385363242336e-06]",0.14474025434078663,0.07134375669780242,0.8166586591488586,3.6923990935857288e-06,0.3754027240974297,2.6614623812698627e-06,4.30385363242336e-06
Portfolio 61,"[0.8117209309394326, 0.00020848398551250288, 0.06568053631340792, 5.984475293499998e-05, 7.771039522254536e-07]",0.14449473073544272,0.0711239511104586,0.8117209309394326,0.00020848398551250288,0.06568053631340792,5.984475293499998e-05,7.771039522254536e-07
Portfolio 62,"[0.560069563962927, 8.183209732463289e-06, 0.10376260318745453, 0.000297932150092121, 1.0740126380194512e-06]",0.14459688617980831,0.07121631605661988,0.560069563962927,8.183209732463289e-06,0.10376260318745453,0.000297932150092121,1.0740126380194512e-06
Portfolio 63,"[0.9501449659917017, 9.88521997267261e-07, 0.13085363781698928, 0.00013194786096122282, 4.942495269019611e-09]",0.14455465333993175,0.07117851502108295,0.9501449659917017,9.88521997267261e-07,0.13085363781698928,0.00013194786096122282,4.942495269019611e-09
Portfolio 64,"[0.8608489452575236, 2.6711642342913465e-07, 0.049898429033183755, 1.8321893326114677e-05, 0.0001641304467252665]",0.14446648277850327,0.07109828523074152,0.8608489452575236,2.6711642342913465e-07,0.049898429033183755,1.8321893326114677e-05,0.0001641304467252665
Portfolio 65,"[0.9176230324469781, 2.823528028627736e-06, 0.10150556829559465, 3.921891072743031e-05, 1.4200054989600756e-06]",0.14452735263456987,0.07115384486209131,0.9176230324469781,2.823528028627736e-06,0.10150556829559465,3.921891072743031e-05,1.4200054989600756e-06
Portfolio 66,"[0.6065114762927085, 2.0453106981783894e-05, 0.33507711072196705, 2.697387647309033e-07, 1.5988904253814462e-05]",0.14476563890950936,0.07136540895708547,0.6065114762927085,2.0453106981783894e-05,0.33507711072196705,2.697387647309033e-07,1.5988904253814462e-05
Portfolio 67,"[0.45619045422288185, 4.546675532601823e-05, 0.2844793401327867, 3.589141570171717e-06, 3.4203776822809045e-06]",0.14478032651736808,0.07137764774889017,0.45619045422288185,4.546675532601823e-05,0.2844793401327867,3.589141570171717e-06,3.4203776822809045e-06
Portfolio 68,"[0.9964390507204235, 3.3383551050609747e-06, 0.3838443330608081, 6.389883333728411e-07, 4.942495269019611e-09]",0.14471330582134462,0.07132033766079014,0.9964390507204235,3.3383551050609747e-06,0.3838443330608081,6.389883333728411e-07,4.942495269019611e-09
Portfolio 69,"[0.9306288152052018, 1.8004742821929732e-07, 0.03753896013627303, 3.3421240161625596e-07, 6.318762267420398e-06]",0.14444296815764557,0.0710769816893706,0.9306288152052018,1.8004742821929732e-07,0.03753896013627303,3.3421240161625596e-07,6.318762267420398e-06
Portfolio 70,"[0.873839055896814, 1.4998454056689778e-06, 0.20433671707129442, 2.8932920934005243e-05, 7.358937791072573e-06]",0.14463251835394708,0.07124870940749894,0.873839055896814,1.4998454056689778e-06,0.20433671707129442,2.8932920934005243e-05,7.358937791072573e-06
Portfolio 71,"[0.6253769710450701, 3.886465459457323e-06, 0.17834333131683577, 1.401047846975361e-05, 1.006505038972733e-06]",0.14466467317000936,0.07127740097318762,0.6253769710450701,3.886465459457323e-06,0.17834333131683577,1.401047846975361e-05,1.006505038972733e-06
Portfolio 72,"[0.8998021016834351, 5.686119869436303e-07, 0.04150264702627271, 0.0001274541245406382, 2.1811585486889295e-08]",0.14445095129696903,0.0710841542082333,0.8998021016834351,5.686119869436303e-07,0.04150264702627271,0.0001274541245406382,2.1811585486889295e-08
Portfolio 73,"[0.6121970557710288, 0.00011077279009369387, 0.1240142015778633, 6.124312514084549e-05, 2.3747811254644477e-05]",0.14461025059111135,0.0712285376029192,0.6121970557710288,0.00011077279009369387,0.1240142015778633,6.124312514084549e-05,2.3747811254644477e-05
Portfolio 74,"[0.9373838445138197, 0.00011848244273123052, 0.2478963924909015, 6.168785515024893e-05, 3.894701098513311e-06]",0.14465252149388763,0.07126646952000351,0.9373838445138197,0.00011848244273123052,0.2478963924909015,6.168785515024893e-05,3.894701098513311e-06
Portfolio 75,"[0.9960538221111543, 3.577632515836653e-06, 0.3632389909704981, 2.6191275210249606e-06, 3.4823057632476148e-06]",0.14470461370492715,0.07131271481602104,0.9960538221111543,3.577632515836653e-06,0.3632389909704981,2.6191275210249606e-06,3.4823057632476148e-06
Portfolio 76,"[0.7021786531316386, 3.3428724525676656e-06, 0.3276215327263002, 7.927727811868277e-06, 1.5988904253814462e-05]",0.14474244127498503,0.07134562603337598,0.7021786531316386,3.3428724525676656e-06,0.3276215327263002,7.927727811868277e-06,1.5988904253814462e-05
Portfolio 77,"[0.8855747905442637, 3.929969543614439e-06, 0.07607313216714573, 0.00029708844334172015, 2.2371756135457368e-05]",0.1445005260096199,0.07112917737983541,0.8855747905442637,3.929969543614439e-06,0.07607313216714573,0.00029708844334172015,2.2371756135457368e-05
Portfolio 78,"[0.6458720650663282, 3.6963245653479515e-06, 0.21847048524161308, 1.5140159148830427e-05, 2.879358770622919e-07]",0.14469251995965549,0.07130205870506229,0.6458720650663282,3.6963245653479515e-06,0.21847048524161308,1.5140159148830427e-05,2.879358770622919e-07
Portfolio 79,"[0.7220604220870739, 8.183209732463289e-06, 0.12953081724825088, 4.869431337618823e-06, 1.074075606861932e-06]",0.14459156149429983,0.07121194834844022,0.7220604220870739,8.183209732463289e-06,0.12953081724825088,4.869431337618823e-06,1.074075606861932e-06
Portfolio 80,"[0.6178307291579654, 3.886593495007946e-06, 0.1418701407315095, 1.401047846975361e-05, 3.9057100020037407e-07]",0.14462960793394192,0.07124611479122521,0.6178307291579654,3.886593495007946e-06,0.1418701407315095,1.401047846975361e-05,3.9057100020037407e-07
Portfolio 81,"[0.5010131339964016, 3.3046778166809614e-06, 0.22331234512455828, 1.526592546106649e-05, 2.524835412123201e-06]",0.14473572225272924,0.0713398229459895,0.5010131339964016,3.3046778166809614e-06,0.22331234512455828,1.526592546106649e-05,2.524835412123201e-06
Portfolio 82,"[0.8646842768311769, 3.513477916981094e-06, 0.3632389909704981, 2.6191275210249606e-06, 3.4823057632476148e-06]",0.1447267666221621,0.0713320751572887,0.8646842768311769,3.513477916981094e-06,0.3632389909704981,2.6191275210249606e-06,3.4823057632476148e-06
Portfolio 83,"[0.8160649061146587, 2.418016950903046e-07, 0.005684655303704385, 4.894148322239052e-06, 5.966762215035452e-07]",0.14439456096216366,0.07103264261013624,0.8160649061146587,2.418016950903046e-07,0.005684655303704385,4.894148322239052e-06,5.966762215035452e-07
Portfolio 84,"[0.560069563962927, 8.092072371657642e-06, 0.36678108314860325, 0.00031127548354709756, 1.0740126380194512e-06]",0.14478592205721771,0.07138198626740347,0.560069563962927,8.092072371657642e-06,0.36678108314860325,0.00031127548354709756,1.0740126380194512e-06
Portfolio 85,"[0.6767437178025595, 1.6385196630386005e-05, 0.014898340959707733, 2.693420072367148e-05, 6.427780244429801e-07]",0.14441723234001133,0.07105337413004176,0.6767437178025595,1.6385196630386005e-05,0.014898340959707733,2.693420072367148e-05,6.427780244429801e-07
Portfolio 86,"[0.9543153638714994, 2.881434595567304e-06, 0.040329897094463364, 6.3229771689614235e-06, 6.722009715053546e-06]",0.14444559152780828,0.07107937187924046,0.9543153638714994,2.881434595567304e-06,0.040329897094463364,6.3229771689614235e-06,6.722009715053546e-06
Portfolio 87,"[0.8985266004613148, 4.396802370860191e-05, 0.10980454998146118, 2.799358895344171e-05, 1.2015074160404535e-05]",0.14453936423175234,0.07116470739770583,0.8985266004613148,4.396802370860191e-05,0.10980454998146118,2.799358895344171e-05,1.2015074160404535e-05
Portfolio 88,"[0.8481113948308271, 2.868839090730934e-06, 0.12421313722331938, 5.19703800065917e-05, 1.4746123244731306e-05]",0.14456281443498936,0.07118594859491553,0.8481113948308271,2.868839090730934e-06,0.12421313722331938,5.19703800065917e-05,1.4746123244731306e-05
Portfolio 89,"[0.8668279560250529, 4.596021925647784e-07, 0.4363159571144808, 3.619779896730844e-05, 1.9659235313426875e-07]",0.14475319853270463,0.07135485216686115,0.8668279560250529,4.596021925647784e-07,0.4363159571144808,3.619779896730844e-05,1.9659235313426875e-07
Portfolio 90,"[0.9049908363749911, 1.3005899280469608e-05, 0.02484086010097134, 7.487058652904748e-05, 3.8877790841620774e-07]",0.14442512149009396,0.07106056786405784,0.9049908363749911,1.3005899280469608e-05,0.02484086010097134,7.487058652904748e-05,3.8877790841620774e-07
Portfolio 91,"[0.9789387494748981, 3.886465459457323e-06, 0.17834333131683577, 2.5497813587268756e-05, 2.651810143198429e-06]",0.14459386480777206,0.07121401176520263,0.9789387494748981,3.886465459457323e-06,0.17834333131683577,2.5497813587268756e-05,2.651810143198429e-06
Portfolio 92,"[0.8968536097558804, 0.00011647396631903917, 0.2507257732623287, 6.0777161088261245e-05, 1.1758923646670383e-06]",0.14466157766242957,0.07127453276324391,0.8968536097558804,0.00011647396631903917,0.2507257732623287,6.0777161088261245e-05,1.1758923646670383e-06
Portfolio 93,"[0.9308654884325036, 2.482513600976599e-07, 0.08969594823722787, 1.1389469110616088e-06, 3.2766254295390487e-06]",0.14451189086057503,0.07113983453216861,0.9308654884325036,2.482513600976599e-07,0.08969594823722787,1.1389469110616088e-06,3.2766254295390487e-06
Portfolio 94,"[0.9236785950949568, 5.51693813380095e-06, 0.2058597661411341, 3.4663404422780505e-05, 2.143024524816634e-06]",0.1446248837851843,0.07124187040988662,0.9236785950949568,5.51693813380095e-06,0.2058597661411341,3.4663404422780505e-05,2.143024524816634e-06
Portfolio 95,"[0.9295026267352328, 7.108838846749576e-07, 0.12601815304139863, 4.154932255038616e-06, 5.924421251714071e-06]",0.14455245504528055,0.07117663378140607,0.9295026267352328,7.108838846749576e-07,0.12601815304139863,4.154932255038616e-06,5.924421251714071e-06
Portfolio 96,"[0.6329878825731523, 2.211611200689148e-08, 0.13686999128721233, 1.2769667481879379e-07, 1.3226643329672905e-07]",0.14462007420497763,0.07123759355681576,0.6329878825731523,2.211611200689148e-08,0.13686999128721233,1.2769667481879379e-07,1.3226643329672905e-07
Portfolio 97,"[0.8894268634594509, 1.1096553887668199e-05, 0.1291263377464596, 2.136480640872366e-06, 3.2115077282676105e-06]",0.1445615586592767,0.07118486648959736,0.8894268634594509,1.1096553887668199e-05,0.1291263377464596,2.136480640872366e-06,3.2115077282676105e-06
Portfolio 98,"[0.618682977002715, 1.217941538881654e-07, 0.11804738450005163, 4.4987923268151535e-06, 3.16864268814523e-05]",0.14460083366907825,0.07122026525445671,0.618682977002715,1.217941538881654e-07,0.11804738450005163,4.4987923268151535e-06,3.16864268814523e-05
Portfolio 99,"[0.64346817293249, 3.2649032418588734e-05, 0.3834597163363305, 9.092435433156636e-06, 2.1014348559611129e-07]",0.1447750214683443,0.07137327370413804,0.64346817293249,3.2649032418588734e-05,0.3834597163363305,9.092435433156636e-06,2.1014348559611129e-07
Portfolio 100,"[0.9127989724674122, 2.6005175519593874e-06, 0.04382375846581524, 0.00028735011880574857, 1.5676396241943913e-07]",0.14445369725569504,0.07108650170747864,0.9127989724674122,2.6005175519593874e-06,0.04382375846581524,0.00028735011880574857,1.5676396241943913e-07
Portfolio 101,"[0.9863928870724593, 5.681027090832967e-05, 0.6778148937118882, 1.1737420631984023e-07, 1.072881463473589e-06]",0.1447906176744737,0.07138606894317967,0.9863928870724593,5.681027090832967e-05,0.6778148937118882,1.1737420631984023e-07,1.072881463473589e-06
Portfolio 102,"[0.9213565741112425, 1.2530988629194247e-05, 0.04971235077340905, 2.7664331241178493e-05, 1.7487065760343362e-06]",0.14446110616754987,0.07109352195908865,0.9213565741112425,1.2530988629194247e-05,0.04971235077340905,2.7664331241178493e-05,1.7487065760343362e-06
Portfolio 103,"[0.922342157639916, 1.9276522328911648e-06, 0.3312089419116964, 2.7388375816348645e-06, 3.4049722562701266e-06]",0.14470214337998769,0.07131054530247237,0.922342157639916,1.9276522328911648e-06,0.3312089419116964,2.7388375816348645e-06,3.4049722562701266e-06
Portfolio 104,"[0.9295026267352328, 2.0399912793255053e-05, 0.031248691571928167, 4.086892336571981e-05, 5.924421251714071e-06]",0.1444337999624406,0.07106853644009406,0.9295026267352328,2.0399912793255053e-05,0.031248691571928167,4.086892336571981e-05,5.924421251714071e-06
Portfolio 105,"[0.6141300124721004, 3.8438201084217135e-05, 0.022414830131038066, 1.5417919629840004e-06, 7.426808618538346e-06]",0.14443781231906463,0.07107220684830402,0.6141300124721004,3.8438201084217135e-05,0.022414830131038066,1.5417919629840004e-06,7.426808618538346e-06
Portfolio 106,"[0.9891443769139737, 1.600953320258781e-07, 0.011074564371324307, 1.4623477315495778e-05, 2.261006546936467e-06]",0.14440105450974733,0.07103858906130078,0.9891443769139737,1.600953320258781e-07,0.011074564371324307,1.4623477315495778e-05,2.261006546936467e-06
Portfolio 107,"[0.5686300288808883, 4.546675532601823e-05, 0.2839665611908315, 3.932756446249666e-06, 3.4376400247732033e-06]",0.1447521418220114,0.0713539235301961,0.5686300288808883,4.546675532601823e-05,0.2839665611908315,3.932756446249666e-06,3.4376400247732033e-06
Portfolio 108,"[0.6249654380849352, 1.2004102836423637e-05, 0.1291263377464596, 1.5868188887703592e-07, 3.2115077282676105e-06]",0.1446130009312827,0.0712312285529633,0.6249654380849352,1.2004102836423637e-05,0.1291263377464596,1.5868188887703592e-07,3.2115077282676105e-06
Portfolio 109,"[0.9179390365387078, 0.00010141899046529315, 0.5907658414179238, 1.4513855830457587e-06, 8.109891220063365e-06]",0.14478383142366721,0.07138052731183177,0.9179390365387078,0.00010141899046529315,0.5907658414179238,1.4513855830457587e-06,8.109891220063365e-06
Portfolio 110,"[0.6157284216043333, 6.499414921651948e-08, 0.34617347072639193, 3.908503182854877e-08, 6.674510123516331e-06]",0.14476783618963476,0.07136728643362358,0.6157284216043333,6.499414921651948e-08,0.34617347072639193,3.908503182854877e-08,6.674510123516331e-06
Portfolio 111,"[0.8682611833303129, 1.264061446817073e-05, 0.026535723879620964, 4.102400871345908e-05, 6.4603490584663785e-06]",0.14442950241847252,0.07106460554670734,0.8682611833303129,1.264061446817073e-05,0.026535723879620964,4.102400871345908e-05,6.4603490584663785e-06
Portfolio 112,"[0.5614857565377533, 3.3046778166809614e-06, 0.21858364948646558, 2.965843928320845e-06, 2.2995355736599246e-07]",0.1447149681757668,0.07132178674970235,0.5614857565377533,3.3046778166809614e-06,0.21858364948646558,2.965843928320845e-06,2.2995355736599246e-07
Portfolio 113,"[0.5472770897419804, 1.2144864947846047e-05, 0.1276432057919531, 2.2265788534472689e-07, 3.250580479197989e-06]",0.14463209422845325,0.07124834273002072,0.5472770897419804,1.2144864947846047e-05,0.1276432057919531,2.2265788534472689e-07,3.250580479197989e-06
Portfolio 114,"[0.5596112301575868, 8.183209732463289e-06, 0.046311969955367405, 3.8937437209204424e-05, 1.2670577018200438e-06]",0.14449653748486302,0.07112579416174172,0.5596112301575868,8.183209732463289e-06,0.046311969955367405,3.8937437209204424e-05,1.2670577018200438e-06
Portfolio 115,"[0.8998021016834351, 3.976210916150242e-05, 0.03524630171107496, 0.0001274541245406382, 2.1811585486889295e-08]",0.14444163530559795,0.07107560010761525,0.8998021016834351,3.976210916150242e-05,0.03524630171107496,0.0001274541245406382,2.1811585486889295e-08
Portfolio 116,"[0.9146692762467096, 1.3123729652981716e-07, 0.021895642759424877, 5.216669298916107e-05, 4.727442636552209e-06]",0.14442001948929034,0.07105592767886727,0.9146692762467096,1.3123729652981716e-07,0.021895642759424877,5.216669298916107e-05,4.727442636552209e-06
Portfolio 117,"[0.6248579899977484, 3.6651823850062435e-06, 0.21745871250592444, 1.0182887029680466e-05, 2.2995355736599246e-07]",0.14469711182025535,0.07130610978003883,0.6248579899977484,3.6651823850062435e-06,0.21745871250592444,1.0182887029680466e-05,2.2995355736599246e-07
Portfolio 118,"[0.8571335271726622, 8.292415901252437e-06, 0.17686671321562172, 1.9909584127080637e-05, 9.487857841018461e-06]",0.1446128177346025,0.07123104814504326,0.8571335271726622,8.292415901252437e-06,0.17686671321562172,1.9909584127080637e-05,9.487857841018461e-06
Portfolio 119,"[0.9917297069879851, 1.6385196630386005e-05, 0.01322918965671427, 2.784994687047482e-05, 6.427780244429801e-07]",0.14440434246028763,0.07104157860661739,0.9917297069879851,1.6385196630386005e-05,0.01322918965671427,2.784994687047482e-05,6.427780244429801e-07
Portfolio 120,"[0.9059110978130195, 4.469711067795495e-05, 0.04557109812173403, 2.559874646093779e-06, 2.389858071370885e-07]",0.14445636200839646,0.07108918565338015,0.9059110978130195,4.469711067795495e-05,0.04557109812173403,2.559874646093779e-06,2.389858071370885e-07
Portfolio 121,"[0.9925181778911041, 0.00020848398551250288, 0.07219092154383942, 9.406986567784186e-07, 1.412542714703977e-07]",0.14448483949281551,0.07111504222422818,0.9925181778911041,0.00020848398551250288,0.07219092154383942,9.406986567784186e-07,1.412542714703977e-07
Portfolio 122,"[0.6295155368634853, 2.211611200689148e-08, 0.13686999128721233, 1.2769667481879379e-07, 1.9682306089421748e-06]",0.14462094119702215,0.07123836889020363,0.6295155368634853,2.211611200689148e-08,0.13686999128721233,1.2769667481879379e-07,1.9682306089421748e-06
Portfolio 123,"[0.9439655944169636, 7.581874308599546e-07, 0.08494228124560824, 1.040110440325515e-05, 0.000133508724604842]",0.14450492808924625,0.0711333765463511,0.9439655944169636,7.581874308599546e-07,0.08494228124560824,1.040110440325515e-05,0.000133508724604842
Portfolio 124,"[0.9503274990244062, 1.280180762514733e-05, 0.09489525729736473, 4.102400871345908e-05, 0.00019567985139696002]",0.14451606093887925,0.07114340869352971,0.9503274990244062,1.280180762514733e-05,0.09489525729736473,4.102400871345908e-05,0.00019567985139696002
Portfolio 125,"[0.8516010822524088, 4.7045079988213475e-06, 0.03758253325908385, 2.0037072627716244e-06, 6.672270797648621e-07]",0.14444810159424762,0.07108167387340561,0.8516010822524088,4.7045079988213475e-06,0.03758253325908385,2.0037072627716244e-06,6.672270797648621e-07
Portfolio 126,"[0.9354296031856416, 1.6492139197161925e-05, 0.13119363032697245, 7.363882090740294e-05, 2.9388627635102518e-05]",0.14455704988055856,0.07118069702028026,0.9354296031856416,1.6492139197161925e-05,0.13119363032697245,7.363882090740294e-05,2.9388627635102518e-05
Portfolio 127,"[0.9792063368887385, 0.00018920097215380165, 0.05882505411155396, 0.00016601496571177812, 1.1451072447656368e-08]",0.14446938887309144,0.07110080956582414,0.9792063368887385,0.00018920097215380165,0.05882505411155396,0.00016601496571177812,1.1451072447656368e-08
Portfolio 128,"[0.9247364186713949, 4.958959373274222e-05, 0.06541724462678938, 3.357250204450114e-05, 9.56188447593709e-07]",0.1444822435215211,0.07111277039177574,0.9247364186713949,4.958959373274222e-05,0.06541724462678938,3.357250204450114e-05,9.56188447593709e-07
Portfolio 129,"[0.9503274990244062, 1.280180762514733e-05, 0.5794218996545362, 4.195244191609068e-06, 0.00019075771719834385]",0.14477779148562728,0.07137549228041527,0.9503274990244062,1.280180762514733e-05,0.5794218996545362,4.195244191609068e-06,0.00019075771719834385
Portfolio 130,"[0.6380397563548246, 0.0008233515151803662, 0.11922535651276149, 4.276866524436006e-06, 7.679327042892718e-07]",0.14459908371110716,0.07121779268086424,0.6380397563548246,0.0008233515151803662,0.11922535651276149,4.276866524436006e-06,7.679327042892718e-07
Portfolio 131,"[0.9310497362968513, 8.918156750859619e-07, 0.12422018015921824, 0.0001679156741622112, 3.2054229162039227e-07]",0.14455055879743273,0.07117477220533908,0.9310497362968513,8.918156750859619e-07,0.12422018015921824,0.0001679156741622112,3.2054229162039227e-07
Portfolio 132,"[0.8588233672401153, 0.0001928793949027163, 0.09704055456928568, 4.0907789734938394e-05, 3.1806037909337334e-07]",0.14453013779069473,0.07115619677265457,0.8588233672401153,0.0001928793949027163,0.09704055456928568,4.0907789734938394e-05,3.1806037909337334e-07
Portfolio 133,"[0.9126850531958615, 1.968191415893825e-10, 0.04385360213842776, 6.0860132079426975e-05, 2.784988125152115e-07]",0.14445340284389338,0.07108646418080881,0.9126850531958615,1.968191415893825e-10,0.04385360213842776,6.0860132079426975e-05,2.784988125152115e-07
Portfolio 134,"[0.9195203172634755, 1.110933090409173e-06, 0.17834333131683577, 6.141378379528857e-06, 2.651810143198429e-06]",0.1446032691709621,0.07122249275357988,0.9195203172634755,1.110933090409173e-06,0.17834333131683577,6.141378379528857e-06,2.651810143198429e-06
Portfolio 135,"[0.8188244623935423, 7.27302560654189e-05, 0.8298389354044775, 6.867138799124457e-06, 1.208944781189134e-07]",0.14481680742239292,0.07140516886811508,0.8188244623935423,7.27302560654189e-05,0.8298389354044775,6.867138799124457e-06,1.208944781189134e-07
Portfolio 136,"[0.5686300288808883, 2.9074548796470968e-06, 0.29065827268086597, 2.4286537734463263e-07, 3.507895945827169e-06]",0.1447552977388229,0.07135666309627439,0.5686300288808883,2.9074548796470968e-06,0.29065827268086597,2.4286537734463263e-07,3.507895945827169e-06
Portfolio 137,"[0.6041038254231531, 4.701706008779004e-05, 0.07367743353394321, 6.661629195590688e-05, 5.152267274789114e-07]",0.14453923109039263,0.07116450662851204,0.6041038254231531,4.701706008779004e-05,0.07367743353394321,6.661629195590688e-05,5.152267274789114e-07
Portfolio 138,"[0.9778559975306469, 7.268799822198407e-06, 0.04089218789278726, 1.0539081958825308e-06, 3.2149010471200606e-07]",0.14444498252742416,0.07107882249716717,0.9778559975306469,7.268799822198407e-06,0.04089218789278726,1.0539081958825308e-06,3.2149010471200606e-07
Portfolio 139,"[0.5049829730399767, 3.434004981559952e-06, 0.3386970063014684, 3.908503182854877e-08, 6.992391493742811e-06]",0.1447881432519553,0.07138408819241526,0.5049829730399767,3.434004981559952e-06,0.3386970063014684,3.908503182854877e-08,6.992391493742811e-06
Portfolio 140,"[0.9008814063340214, 4.260709820805459e-05, 0.30958466247121297, 1.2022311849515674e-05, 3.841039368736279e-09]",0.14469510617582437,0.07130431953011174,0.9008814063340214,4.260709820805459e-05,0.30958466247121297,1.2022311849515674e-05,3.841039368736279e-09
Portfolio 141,"[0.7831964667675717, 2.0453106981783894e-05, 0.02992766745853015, 2.697387647309033e-07, 1.5988904253814462e-05]",0.1444401231683204,0.0710743459873968,0.7831964667675717,2.0453106981783894e-05,0.02992766745853015,2.697387647309033e-07,1.5988904253814462e-05
Portfolio 142,"[0.9391544524945187, 2.482513600976599e-07, 0.08644574837124512, 2.2292818320682303e-06, 1.909828610897058e-07]",0.14450707033534435,0.07113545260678053,0.9391544524945187,2.482513600976599e-07,0.08644574837124512,2.2292818320682303e-06,1.909828610897058e-07
Portfolio 143,"[0.9936102939634068, 7.569473938990236e-07, 0.14800313954995664, 1.5268047029331408e-05, 1.1206210882035837e-07]",0.14456504607888984,0.07118802059713708,0.9936102939634068,7.569473938990236e-07,0.14800313954995664,1.5268047029331408e-05,1.1206210882035837e-07
Portfolio 144,"[0.9508184025401896, 8.128077969301535e-06, 0.09269384370557632, 0.0002176493816127626, 4.44489099922934e-07]",0.14451342560266672,0.07114102558152498,0.9508184025401896,8.128077969301535e-06,0.09269384370557632,0.0002176493816127626,4.44489099922934e-07
Portfolio 145,"[0.5983395880516279, 8.063808855619067e-06, 0.21242739870687782, 1.0456054197473328e-05, 1.0510140202314674e-06]",0.14470033343382682,0.07130893818303488,0.5983395880516279,8.063808855619067e-06,0.21242739870687782,1.0456054197473328e-05,1.0510140202314674e-06
Portfolio 146,"[0.780743895714393, 8.771112827993545e-06, 0.13341361426381, 9.696101321242486e-08, 1.7778303154634915e-07]",0.14458442385369474,0.07120552155165259,0.780743895714393,8.771112827993545e-06,0.13341361426381,9.696101321242486e-08,1.7778303154634915e-07
Portfolio 147,"[0.5584508690298613, 8.098856908242473e-06, 0.3317279167837876, 1.2257199895099498e-05, 1.0705994893976406e-06]",0.14477461986079834,0.07137295204672822,0.5584508690298613,8.098856908242473e-06,0.3317279167837876,1.2257199895099498e-05,1.0705994893976406e-06
Portfolio 148,"[0.8490924743242241, 4.634984091898238e-05, 0.02992766745853015, 1.426164947009579e-07, 7.117982564305614e-07]",0.14443604701730692,0.07107061083875545,0.8490924743242241,4.634984091898238e-05,0.02992766745853015,1.426164947009579e-07,7.117982564305614e-07
Portfolio 149,"[0.9128286979301832, 3.993104004021799e-07, 0.0076701822565136, 5.26051427617941e-05, 4.79789834617171e-06]",0.14439685941844171,0.07103469716084548,0.9128286979301832,3.993104004021799e-07,0.0076701822565136,5.26051427617941e-05,4.79789834617171e-06
Portfolio 150,"[0.8261611292003387, 9.87079637608694e-05, 0.03758253325908385, 2.0037072627716244e-06, 6.912549809443519e-07]",0.1444500976062992,0.0710834028470315,0.8261611292003387,9.87079637608694e-05,0.03758253325908385,2.0037072627716244e-06,6.912549809443519e-07
Portfolio 151,"[0.9308654884325036, 2.482513600976599e-07, 0.08644574837124512, 1.1389469110616088e-06, 1.909828610897058e-07]",0.14450799068020015,0.07113629071731149,0.9308654884325036,2.482513600976599e-07,0.08644574837124512,1.1389469110616088e-06,1.909828610897058e-07
Portfolio 152,"[0.5701944958835657, 4.679281171214178e-05, 0.07211190828570453, 2.946148000155589e-06, 1.0368459786996497e-08]",0.1445436359888642,0.07116858740537702,0.5701944958835657,4.679281171214178e-05,0.07211190828570453,2.946148000155589e-06,1.0368459786996497e-08
Portfolio 153,"[0.9055048408118261, 4.469711067795495e-05, 0.04557109812173403, 1.340424615264103e-07, 2.389858071370885e-07]",0.1444563879911268,0.07108921183928262,0.9055048408118261,4.469711067795495e-05,0.04557109812173403,1.340424615264103e-07,2.389858071370885e-07
Portfolio 154,"[0.9009199891599664, 3.3167243771315033e-06, 0.21844097181794242, 1.6390571706498458e-05, 3.190322164124806e-06]",0.14463831011146114,0.07125390338091438,0.9009199891599664,3.3167243771315033e-06,0.21844097181794242,1.6390571706498458e-05,3.190322164124806e-06
Portfolio 155,"[0.9185741578777303, 1.2978956940737856e-07, 0.09057243925763392, 7.201685446845112e-05, 8.812641802776063e-06]",0.14451446899170414,0.07114210544207678,0.9185741578777303,1.2978956940737856e-07,0.09057243925763392,7.201685446845112e-05,8.812641802776063e-06
Portfolio 156,"[0.8626947127204885, 2.6005175519593874e-06, 0.04492914482324939, 0.0002126274448071082, 4.387020001507303e-06]",0.14445895262848382,0.07109136206272568,0.8626947127204885,2.6005175519593874e-06,0.04492914482324939,0.0002126274448071082,4.387020001507303e-06
Portfolio 157,"[0.9225054192356661, 5.840381156061464e-06, 0.11040072213427132, 4.637656761785822e-06, 3.9926312143038727e-07]",0.14453669658147889,0.07116235436266774,0.9225054192356661,5.840381156061464e-06,0.11040072213427132,4.637656761785822e-06,3.9926312143038727e-07
Portfolio 158,"[0.9433329423669167, 3.8201795646414655e-07, 0.1418701407315095, 1.2764621149162635e-05, 1.390003152465485e-07]",0.14456636087308702,0.07118921086418077,0.9433329423669167,3.8201795646414655e-07,0.1418701407315095,1.2764621149162635e-05,1.390003152465485e-07
Portfolio 159,"[0.5032985353557148, 2.391460582025728e-06, 0.12334973512367495, 1.6153969481368018e-05, 5.8928850071004465e-06]",0.14464005966612659,0.0712554497093145,0.5032985353557148,2.391460582025728e-06,0.12334973512367495,1.6153969481368018e-05,5.8928850071004465e-06
Portfolio 160,"[0.9836123622019912, 1.35559559509839e-05, 0.39327961906372216, 2.5746040084404546e-06, 3.219697190895031e-07]",0.14471914875324304,0.07132543583120422,0.9836123622019912,1.35559559509839e-05,0.39327961906372216,2.5746040084404546e-06,3.219697190895031e-07
Portfolio 161,"[0.6380397563548246, 1.1187885933914544e-07, 0.3895487203256777, 6.07678610460544e-06, 5.37248508765749e-07]",0.14477783665182958,0.07137564015429917,0.6380397563548246,1.1187885933914544e-07,0.3895487203256777,6.07678610460544e-06,5.37248508765749e-07
Portfolio 162,"[0.9302644837846842, 8.403691325137328e-06, 0.12237052923585351, 1.365174706367047e-05, 1.4287925043285273e-07]",0.1445485578289723,0.0711730946692905,0.9302644837846842,8.403691325137328e-06,0.12237052923585351,1.365174706367047e-05,1.4287925043285273e-07
Portfolio 163,"[0.8032810174384516, 8.128077969301535e-06, 0.09269384370557632, 1.1883819191088629e-07, 1.4151658076460208e-07]",0.14453229755625085,0.07115836533632783,0.8032810174384516,8.128077969301535e-06,0.09269384370557632,1.1883819191088629e-07,1.4151658076460208e-07
Portfolio 164,"[0.6049273045927803, 1.2394082113258864e-06, 0.293451818700335, 6.398487775165084e-05, 2.580548138027096e-07]",0.14474806824411712,0.07135041921091369,0.6049273045927803,1.2394082113258864e-06,0.293451818700335,6.398487775165084e-05,2.580548138027096e-07
Portfolio 165,"[0.8252645360908378, 6.948335268427177e-07, 0.09704055456928568, 4.0907789734938394e-05, 6.442406679832391e-07]",0.14453460487918152,0.0711604227096964,0.8252645360908378,6.948335268427177e-07,0.09704055456928568,4.0907789734938394e-05,6.442406679832391e-07
Portfolio 166,"[0.9137413576149573, 2.2945919806149617e-06, 0.01143889608588866, 3.0152466710363233e-06, 2.267251571566502e-06]",0.1444030455156445,0.07104042362017941,0.9137413576149573,2.2945919806149617e-06,0.01143889608588866,3.0152466710363233e-06,2.267251571566502e-06
Portfolio 167,"[0.9207467653779595, 1.786200755077887e-05, 0.01322918965671427, 2.799358895344171e-05, 5.65215524714159e-07]",0.14440589719291505,0.07104299937010386,0.9207467653779595,1.786200755077887e-05,0.01322918965671427,2.799358895344171e-05,5.65215524714159e-07
Portfolio 168,"[0.792406931435237, 8.07852083721725e-06, 0.38345303854825374, 1.584460041744607e-05, 5.968396411482893e-06]",0.1447476772405777,0.07135012845109799,0.792406931435237,8.07852083721725e-06,0.38345303854825374,1.584460041744607e-05,5.968396411482893e-06
Portfolio 169,"[0.8035518889893114, 6.943339773788742e-05, 0.06371856322993115, 2.8281054746844237e-05, 1.2004530225051245e-06]",0.14449253809730578,0.07112212545876433,0.8035518889893114,6.943339773788742e-05,0.06371856322993115,2.8281054746844237e-05,1.2004530225051245e-06
Portfolio 170,"[0.9925181778911041, 0.00020848398551250288, 0.056344947966917344, 1.4877105436985938e-06, 8.987079485909379e-09]",0.14446498397410654,0.07109692802607642,0.9925181778911041,0.00020848398551250288,0.056344947966917344,1.4877105436985938e-06,8.987079485909379e-09
Portfolio 171,"[0.9127114571210693, 0.00010029786458658125, 0.14947732399572078, 3.3775221981022505e-06, 3.1307885665340814e-06]",0.1445784277152582,0.07120003355727157,0.9127114571210693,0.00010029786458658125,0.14947732399572078,3.3775221981022505e-06,3.1307885665340814e-06
Portfolio 172,"[0.6437532892382225, 3.6923990935857288e-06, 0.3754027240974297, 2.6614623812698627e-06, 4.240054670921717e-06]",0.1447723775138649,0.07137109243010235,0.6437532892382225,3.6923990935857288e-06,0.3754027240974297,2.6614623812698627e-06,4.240054670921717e-06
Portfolio 173,"[0.8432948601381409, 4.9454505577366455e-05, 0.01638860197827506, 6.953405987526694e-05, 4.9059036844864825e-06]",0.14441357858112833,0.07104995187481888,0.8432948601381409,4.9454505577366455e-05,0.01638860197827506,6.953405987526694e-05,4.9059036844864825e-06
Portfolio 174,"[0.9049575020006587, 4.342634073473831e-06, 0.05882505411155396, 0.00016601496571177812, 7.525684773067429e-07]",0.14447530813598317,0.07110635245158675,0.9049575020006587,4.342634073473831e-06,0.05882505411155396,0.00016601496571177812,7.525684773067429e-07
Portfolio 175,"[0.9179390365387078, 5.632822444535452e-06, 0.6407960126080071, 1.4513855830457587e-06, 8.09866441868023e-06]",0.1447921387967205,0.07138730847572548,0.9179390365387078,5.632822444535452e-06,0.6407960126080071,1.4513855830457587e-06,8.09866441868023e-06
Portfolio 176,"[0.6541993434206648, 4.546675532601823e-05, 0.2788468611383474, 3.932756446249666e-06, 2.368861785537722e-07]",0.1447290335209083,0.07133400702864733,0.6541993434206648,4.546675532601823e-05,0.2788468611383474,3.932756446249666e-06,2.368861785537722e-07
Portfolio 177,"[0.9247364186713949, 4.745708676054862e-05, 0.0652469427528087, 1.4927096250834588e-07, 9.609765671657444e-05]",0.14448210468186895,0.07111258980395738,0.9247364186713949,4.745708676054862e-05,0.0652469427528087,1.4927096250834588e-07,9.609765671657444e-05
Portfolio 178,"[0.6557723140049841, 1.7714682870365865e-07, 0.28385464465699756, 2.6034848884359373e-06, 2.2995355736599246e-07]",0.1447313097288989,0.07133602432307966,0.6557723140049841,1.7714682870365865e-07,0.28385464465699756,2.6034848884359373e-06,2.2995355736599246e-07
Portfolio 179,"[0.6329878825731523, 1.2695971116267045e-05, 0.0236658841055939, 1.2769667481879379e-07, 1.3226643329672905e-07]",0.1444389508559097,0.07107329693422912,0.6329878825731523,1.2695971116267045e-05,0.0236658841055939,1.2769667481879379e-07,1.3226643329672905e-07
Portfolio 180,"[0.9049575020006587, 7.760946833988335e-07, 0.06076426690591358, 0.0001698387699172188, 1.916930007259473e-06]",0.14447796158236756,0.07110877108149453,0.9049575020006587,7.760946833988335e-07,0.06076426690591358,0.0001698387699172188,1.916930007259473e-06
Portfolio 181,"[0.9308780573369057, 2.482513600976599e-07, 0.08831951215067217, 2.2292818320682303e-06, 1.909828610897058e-07]",0.14451024281408875,0.07113833780241714,0.9308780573369057,2.482513600976599e-07,0.08831951215067217,2.2292818320682303e-06,1.909828610897058e-07
Portfolio 182,"[0.8931318856999841, 8.292333296932758e-08, 0.3914574974502261, 6.351870271190758e-07, 1.0157495552076202e-05]",0.14473319391642828,0.07133765304838721,0.8931318856999841,8.292333296932758e-08,0.3914574974502261,6.351870271190758e-07,1.0157495552076202e-05
Portfolio 183,"[0.8005875011395358, 1.3510981908965158e-07, 0.005684655303704385, 4.820977433841198e-06, 7.677990689563249e-07]",0.14439476897270148,0.07103283332375812,0.8005875011395358,1.3510981908965158e-07,0.005684655303704385,4.820977433841198e-06,7.677990689563249e-07
Portfolio 184,"[0.9192376455400348, 3.195577685050843e-05, 0.20726462341096508, 8.237784152452074e-06, 4.1593973601217475e-06]",0.14462672996857406,0.07124352506526344,0.9192376455400348,3.195577685050843e-05,0.20726462341096508,8.237784152452074e-06,4.1593973601217475e-06
Portfolio 185,"[0.9033048232298457, 1.944753274505106e-06, 0.09803578987122354, 1.4547143361760243e-05, 5.337900061302006e-06]",0.14452511829777037,0.07115183651142103,0.9033048232298457,1.944753274505106e-06,0.09803578987122354,1.4547143361760243e-05,5.337900061302006e-06
Portfolio 186,"[0.794882193645486, 7.420654652852713e-06, 0.7591884894890406, 1.584460041744607e-05, 5.968396411482893e-06]",0.14481447904277564,0.07140387457561831,0.794882193645486,7.420654652852713e-06,0.7591884894890406,1.584460041744607e-05,5.968396411482893e-06
Portfolio 187,"[0.8588233672401153, 0.0001928793949027163, 0.09704055456928568, 4.10185676597562e-05, 3.1806037909337334e-07]",0.14453013794111585,0.07115619679749072,0.8588233672401153,0.0001928793949027163,0.09704055456928568,4.10185676597562e-05,3.1806037909337334e-07
Portfolio 188,"[0.6137323153979343, 3.9162704800254456e-05, 0.3868313251124304, 2.5746040084404546e-06, 3.219697190895031e-07]",0.14478149971499,0.07137863787333486,0.6137323153979343,3.9162704800254456e-05,0.3868313251124304,2.5746040084404546e-06,3.219697190895031e-07
Portfolio 189,"[0.9965314085014045, 7.609811456112542e-07, 0.03461649038816553, 1.470476101918746e-05, 2.173627098935732e-06]",0.1444352765144482,0.07106993652615616,0.9965314085014045,7.609811456112542e-07,0.03461649038816553,1.470476101918746e-05,2.173627098935732e-06
Portfolio 190,"[0.8643676971707864, 1.853563804916017e-07, 0.04658666773105724, 6.0860132079426975e-05, 4.4445074139681265e-06]",0.1444610690306497,0.07109345920631706,0.8643676971707864,1.853563804916017e-07,0.04658666773105724,6.0860132079426975e-05,4.4445074139681265e-06
Portfolio 191,"[0.7876685990398852, 7.815635172833194e-05, 0.07405646951173928, 4.1168917202376e-08, 0.00020067564005430864]",0.14450973407684323,0.07113758453580445,0.7876685990398852,7.815635172833194e-05,0.07405646951173928,4.1168917202376e-08,0.00020067564005430864
Portfolio 192,"[0.8608489452575236, 2.6711642342913465e-07, 0.1635784993331956, 1.7445114098255102e-05, 0.0001583556711145215]",0.14460035630159962,0.07121972332998582,0.8608489452575236,2.6711642342913465e-07,0.1635784993331956,1.7445114098255102e-05,0.0001583556711145215
Portfolio 193,"[0.9269016300550165, 1.1258984944309882e-05, 0.1506304145206644, 1.3223674982668017e-06, 3.2115077282676105e-06]",0.1445772065013393,0.07119900582393403,0.9269016300550165,1.1258984944309882e-05,0.1506304145206644,1.3223674982668017e-06,3.2115077282676105e-06
Portfolio 194,"[0.9287183565624185, 1.0998997691896436e-06, 0.2433699451492859, 3.868343531771728e-06, 1.1937442448928397e-07]",0.14465085713724588,0.07126511981897544,0.9287183565624185,1.0998997691896436e-06,0.2433699451492859,3.868343531771728e-06,1.1937442448928397e-07
Portfolio 195,"[0.8626529487647674, 2.6005175519593874e-06, 0.04492914482324939, 0.0002126274448071082, 4.387020001507303e-06]",0.14445895593018218,0.07109136506746963,0.8626529487647674,2.6005175519593874e-06,0.04492914482324939,0.0002126274448071082,4.387020001507303e-06
Portfolio 196,"[0.9374106294706009, 1.1060541387415572e-06, 0.290814615863372, 8.853694318570179e-06, 2.963646873677357e-05]",0.1446784510611883,0.07128961690879082,0.9374106294706009,1.1060541387415572e-06,0.290814615863372,8.853694318570179e-06,2.963646873677357e-05
Portfolio 197,"[0.9094540989737054, 3.019001870489864e-06, 0.05784071750843371, 3.092488747997607e-05, 7.063757193530849e-06]",0.14447336931104013,0.071104714757034,0.9094540989737054,3.019001870489864e-06,0.05784071750843371,3.092488747997607e-05,7.063757193530849e-06
Portfolio 198,"[0.6605287093043576, 3.5127857082928586e-05, 0.23147399834627452, 3.932756446249666e-06, 0.00013675455340689046]",0.144698417861276,0.07130709944330291,0.6605287093043576,3.5127857082928586e-05,0.23147399834627452,3.932756446249666e-06,0.00013675455340689046
Portfolio 199,"[0.5891104191347425, 3.6923990935857288e-06, 0.3754027240974297, 2.6614623812698627e-06, 4.240054670921717e-06]",0.14478268400432692,0.07137963566982268,0.5891104191347425,3.6923990935857288e-06,0.3754027240974297,2.6614623812698627e-06,4.240054670921717e-06
Portfolio 200,"[0.8480761361158168, 2.1187790614694253e-05, 0.25833666646551046, 1.1453339827996635e-05, 7.12029035311649e-06]",0.14467547158526434,0.07128697482444543,0.8480761361158168,2.1187790614694253e-05,0.25833666646551046,1.1453339827996635e-05,7.12029035311649e-06
